,title
0,謝忻心疼「媽媽被吼」　499之亂遭遷怒
1,【卡該這樣刷】稅和保費國人最愛用刷卡支付
2,【核准片】富士康FII  A股上市准了　...
3,富士康拖64天才獲IPO批文　原因是這個
4,戴正吳太厲害　夏普高管讚「無可取代」
5,【有騙】排班起衝突　運將街頭劍道對決
6,【旁白哥抓漏】蕾哈娜辣教宗惱人　爆頭MV...
7,不滿弟弟舉報吸毒　假釋犯身藏雙槍抗拘捕
8,超詭異美食自拍　餐廳內大方無私曝奶露點
9,4樣菜不含白飯100元　他嘆：錢越來越不...
10,【廣三槍擊案】情比姊妹親　14年外傭淚別...
11,綠將自提北市長？　呂秀蓮：絕對沒有禮讓空...
12,最壞身教！ 國小師攜兒亂丟廚餘
13, 堅不道歉「放水說」　呂秀蓮：柯P先講中...
14,512志工登基隆嶼淨灘　要還原台灣龍珠之...
15,鴻海FII獲陸批文+減資題材　法人看好周...
16,中和挖破天然氣管線　民怒：生活大不便
17,與高中生對談　蔡英文笑稱：10年後總統會...
18,柯市府「決策一致」認同度最低　議員：太吻...
19,【499之亂】9小時實測心得文　中華電信...
20,炎炎夏日來臨　警消宣導防溺五步十招
21,北韓坦克大賽縮水　金正恩缺席不露面
22,老先生坐錯車妻又行動不便　警送返家
23,女子內衣藏毒　被逮求警「放我走」
24,【499之亂】排隊等400號起　刮刮樂賺...
25,女星上網驚見床照被拍賣　更難過的在後頭
26,台南3屍命案驗屍　家屬見至親爆頭淚崩
27,【全紀錄】金鶯馬恰多雙響砲6打點　美職今...
28,​​【有片】樹林區200欄杆遭竊　轎車運...
29,比特幣假交易　黑幫偕詐騙集團騙走590萬
30,大媽賞花動手被制止　醜態被拍轉攻目擊者
31,​台大校務會議通過　教部應儘速聘任管中閔
32,【殺瓜片】萬斤西瓜堆成山　二崙西瓜節讓你...
33,【499之亂】每天加班到深夜　員工：連去...
34,【川震十年】再苦也要生回來　失獨父母的重...
35,【力爭上游4】16歲出社會　失親打工仔熬...
36,全國羽球團體賽　周天成難撐大局合庫無緣3...
37,​蘆洲分局邀馬偕醫師開講　心血管疾病防治
38,哈維紅人初登板投4局無失分　前田健太被打...
39,【天使長不大】他20歲長不高心智如幼兒　...
40,【有片】關西聖母山廂型車翻車　車上11人...
41,敬鵬後首起工廠火警　警消高度謹慎
42,【驚】無知父母遊野生動物園　帶小孩下車被...
43,C奶主播報膩車頭燈　4招防堵王思佳悲劇
44,高雄豪宅各擅勝場　地段無敵外觀吸睛
45,醉男盯著看　靓女火大嗆「看三小」惹紛爭
46,​【力爭上游片】心跳停止3小時　醒後坐輪...
47,【有片】神秘嘉賓現身　陳偉殷變小球迷瘋搶...
48,​【力爭上游2】愛上他的開朗　妻：直到買...
49,【下周星運】金牛水瓶脫魯有望　牡羊雙子勿...
50,網購推換季專區　衣架月賣上百萬支
51,他月租費30元　冷看499吃到飽
52,台中綠空廊道動工　對這幾區影響最大
53,停車擋門引衝突　毛小孩的媽被賞一巴掌
54,戀戀不忘「沈佳宜」　癡男惡作劇整到自己
55,轎車突然切過中線　大貨車被撞四輪朝天
56,賴清德參觀桃園農博　盛讚活動精采成功
57,【499攻略】中華電又有門市推快速交件　...
58,【499之亂】排到天荒地老也要辦　假日中...
59,被舉報不爽竟反查　這個CEO慘賠4690...
60,【499之亂】搶辦潮未退　這三項爭議最多
61,母親節悶熱午後有雷雨　帶媽媽出門防曬不可...
62,12:17台灣東部海域規模4.7地震　花...
63,【禍不單行】3記重擊！比特幣價格1日蒸發...
64,林采緹背後有愛　半裸胡睿兒陶醉扭動
65,【更新】大谷翔平4打數1安　天使4比5遭...
66,【有片】5男破窗車「護花」　原地再鬧事飆...
67,鴻海股價離200元好遠　謝金河：郭董現金...
68,不必點餐才給上　美星巴克放寬廁所限制
69,​【力爭上游3】他看不見　靠音樂天份月入...
70,巨乳撐破人妻胸罩　小牛舔得好開心
71,別管思佳的點點了　超模肯黛兒酥胸大解放
72,佳節暖流　企業致贈弱勢家庭慰問金
73,啾啾鞋挑戰新北職探體驗區　分享拍片創意
74,張忠謀夫人作畫獻愛　捐佳士得春拍助弱勢兒
75,【不斷更新】逆孫狠擊爆頭3死　盜萬元返家...
76,【滅門三死】弒親狠男不認罪　超激脈搏吐實...
77,好從容自在　竊賊白晝步入補習班偷走萬元
78,啟動188吃到飽應戰　台灣之星：規劃中
79,【卡該這樣刷】刷卡繳稅想A好康　留意3大...
80,幻象飛官失聯迄今　妻：相信他還在才活得下...
81,羅大佑上海吸小美眉　當年驚動3500警力
82,民眾疑買屋一定要買車位？　原因出在這
83,【微視蘋】62歲奇蹟再產子　母親節願：伴...
84,今東部海域地震　台鐵：全線行車正常
85,【霸氣片】情侶吵架女佔車道　網友：勿阻礙...
86,台大校務會議　鄭秀玲提案解散遴委會、組專...
87,【壹週刊】〈進擊の餃子5〉超人氣日本煎餃...
88,【好扯片】拐12歲女童回家　男：想養大後...
89,【壹週刊】〈進擊の餃子4〉拋開政治　印度...
90,石門肉粽節端百斤巨粽　幸運媽咬中金戒子
91,【壹週刊】〈進擊の餃子3〉花媽半年去8次...
92,【壹週刊】〈進擊の餃子2〉這色彩 這滋味...
93,【解密片】499該跟風嗎？　電信業沒告訴...
94,【壹週刊】〈進擊の餃子1〉名店二代創業　...
95,​淡水竹圍昨晚大停電　警上臉書說明獲讚
96,「加賴可約」一場空　男醫師5萬3飛了
97,一張圖透視墾丁冷清清　網友「回不去了」
98,兩台灣人澳洲運毒遭逮　外館下周探視
99,蔡英文今將與高中生對談　全程線上直播　
100,網友票選全台最瞎景點　南投這2處登冠亞軍
101,【滅門三死】逆孫欠錢殺3人　鄰居「該判死...
102,7.5萬坪綠意景觀　3字頭房價超誘人
103,【499之亂】30年首見人太多！　南投5...
104,【渣片】惡少不爽小女友分手　裸照傳色情網...
105,【抗病片】平淡卻不凡　母親節華裔媽的康復...
106,砂石車違停嚴重　基隆警加強取締
107,台電今僱員招考　考生：國營事業加薪快
108,蘇諷朱市府成侯團隊　張其強：不必汙衊影射
109,【有片】海賊王回老東家比賽　海盜球迷歡呼...
110,三重人就愛三重　2+1房880萬起
111,老婆在家顧小孩！他被嗆「上班了不起」想離...
112,國民薛澤勝投兼勝打　7局11K率先7勝
113,大馬前首相貪腐選輸要潛逃？　「我去度假」
114,【廣三槍擊案】噴淚！莊嘉慧入住護理之家　...
115,【滅門三死】人面獸心　弒親狠男臉書頻分享...
116,毋通喔！懷孕女星崖邊拍婚紗　把命交給老公
117,美建商用iPad做這些事　1年竟省535...
118,桃園雙強PK　中路vs.經國選哪區？
119,女主播冰島驚魂　「雪山飛輪」噴出人生跑馬...
120,【499之亂】排9小時搶辦499　給母親...
121,【同門不同命】小米上市造富人　基層未能同...
122,【499之亂】新莊發1200號碼牌　恐明...
123,​台大：教部調查大學兼職　78%事後追溯...
124,雙城論壇辦不辦？柯Ｐ：對方沒來我們也沒去
125,【有片】批深澳電廠是藍營炒作　蘇提「四個...
126,塞爾9局飆15K平生涯單場最多　紅襪還是...
127,【一日醫蘋果】光嚼口香糖　蛀牙不會變好 ...
128,高盛強力看多商品行情　白銀可望脫穎而出
129,世大運放水說挨批　呂秀蓮下午反擊「二軍」...
130,柯媽「提名就互不相欠」　柯Ｐ：這樣講不對
131,心儀女回他「再看看、再說」　求翻譯！最後...
132,女會計私吞205萬　遭色老闆逼陪睡抵債5...
133,美股道瓊連7漲　拼半年最長漲勢
134,淫男戴套闖閨房　女室友抓鳥護貞操仍遭性侵
135,電台道歉被罵翻　柯P：想不透怎麼回事
136,一代網球女神　這樣被「美版PTT」宅男追...
137,【驚人動畫】秀蓮姐就是狂　一路走來「直說...
138,【坎城影展】范冰冰挺賈樟柯新片　深V女亂...
139,【滅門三死】逆孫鐵鎚狠擊奪3命　冷血！殺...
140,高捷最狂醉漢嘔吐　大家都在猜他到底吃了什...
141,吃超商麵包咬到塑膠片　網友驚：差點吞下肚
142,六月會是亞洲的和平月嗎？
143,綠營議員多贊成「分手」　柯Ｐ：6%深綠綁...
144,【滅門三死】親友重建現場　哀來不及過母親...
145,國銀對中國曝險額　中國信託最多
146,主人醉倒不省人事　忠狗貼身護駕防撿屍
147,解析藍綠基本盤　綠營人士：民進黨自提名柯...
148,今年盛產價跌　買康乃馨送媽媽超值划算
149,【有片】最佳教練有屁用！還不是被詹皇打到...
150,評呂秀蓮「放水說」　柯P：她眼中只剩對岸
151,育嬰假媽媽的告白：以家庭視角制定勞動政策...
152,王思佳不認露點爆真相　老公全程在場！
153,全國羽球團體賽　球后戴資穎加持合庫闖進冠...
154,義大利肉丸DIY超容易　在家也可輕鬆做
155,【差很大】紅毯露點被譏是大媽　強國女PO...
156,​富基漁港推廣石門粽、農漁產　金山警疏導...
157,婆婆小姑要跟蜜月之現形篇　霸氣表哥第3發
158,28年前的國小雜費收據　網友嘆：回不去了
159,別因一時失言  抹殺了運動員的努力
160,【最新圖輯】499之亂喪屍潮 　中華電門...
161,火箭防守勇士策略曝光　戴東尼：不斷換防！
162,KTV飲酒違規拒攔查　警扯2下制伏白目男
163,【499之亂】新店1小時排隊破500人　...
164,衣帽間鉅款照　民政府案1.3億？檢方「非...
165,【499之亂】中華電松仁門市擠爆　最少等...
166,工具人男女必看！為何我就是無法對人「說不...
167,台9線308K翻車意外　貨車擦撞轎車翻覆
168,【還原現場】王思佳露點娘比讚　佼佼主持懊...
169,中國亂象！民眾聚集垃圾場　挖長蛆肉賣燒烤
170,拔管案　柯志恩：會議紀錄羅織「入管於罪」...
171,【有片】司機姦殺正妹空姐後跳河　警打撈遺...
172,也打安全牌　裕日車全新X-Trail安全...
173,天龍國心臟區挑便宜貨　信義松山4字頭
174,為債務暗夜糾眾談判　刺青男遭打爆頭濺血
175,就是愛勇士！湯普森甘願放棄28.8億和勇...
176,買買買都買～前4月藥妝品、車輛進口金額狂...
177,檢舉違規報你知　「獲救」車主逾百人 
178,【499之亂】延燒第4天　板橋有人凌晨3...
179,林子偉3A敲2安　胡智為先發2局挨轟
180,1.8萬張門票3分鐘掃光！「Wanna ...
181,【499之亂】首遇假日　人潮擠爆雙和營業...
182,南山人壽推網路投保利變年金險　抽8千元禮...
183,郭大維提變更台大校務會議主席　學院代表決...
184,為錢殺嬤、叔公夫妻奪3命　「他欠什麼大條...
185,律師觀點：宜蘭縣政府依法行政的依據為何？
186,【母親節】忙碌趕走傷痛　單親媽賣小吃圓亡...
187,盤點台中豪宅榜　名人搶進賺多賠少
188,PUMA聯手MCM　50歲Suede披上...
189,日本長野發生規模5.1地震　無海嘯威脅
190,幼兒版陰屍路！媽媽一看秒懂笑歪「我家也有...
191,母親節將至　你知道狗貓當爸媽也要先登記嗎
192,有沒有這麼舒適　蜥蜴洗澡模樣萌翻天
193,黑熊捍衛隱私攻擊自拍男　慘遭鄉民活活打死
194,爾文報銷改當軍師　大爆騎士情資
195,母愛永不凋謝　鐵打康乃馨超酷der
196,大學校園勞動者，一個都不能少！
197,狂！辦不到499的他　躺地肉身阻擋中華電...
198,松坂大輔明先發　踏上睽違9年的東京巨蛋投...
199,LV小小珠寶藏雙DNA　鉚釘、Monog...
200,「爺們不說謊」　反管學生籲台大重啟校長遴...
201,【獨家】陳美鳳國二夜歸遭養父海K　6手帕...
202,膝關節專欄：《翻牆的記憶》你不能不看
203,【特企】「它」讓育兒更輕鬆 媽媽首選母親...
204,空間利用無極限　工作室懸空掛橋墩下
205,司機不理她遭公車癡漢猥褻　反拍自慰留證據
206,感冒痊癒歸隊　達比修有跟陳偉殷同天先發
207,【立委媽媽片】一次生三胞胎　葉宜津直呼：...
208,都怪辛普森太猛！潘政琮第2回合打完落後到...
209,【哈利大婚2】2代3王妃　梅根馬可最跳t...
210,提供國際化學習環境　富達投信贈政大彭博資...
211,今紫外線危險級　專家：下周更熱防曬防中暑
212,吃哈根達斯竟滿嘴鮮血　店家稱是覆盆子冰淇...
213,台大校務會議將登場　是否重啟校長遴選成焦...
214,《明星3缺1》俠骨柔腸包租婆　獅吼登場
215,一株只栽培一果　他種的洋香瓜不輸日本
216,恐怖情人要脅復合　被害人可蒐證自保
217,腦麻體大生勤練桌球　盼朝殘奧選手邁進
218,古巴前教頭兒子梅薩兄弟　一同挑戰大聯盟
219,【有片】羽球后戴資穎御用防護員　陳盈璇伴...
220,【感人片】照護腦麻兒到上體大　模範母：再...
221,挺管、反管今台大校務會議再對決　提案內容...
222,誘騙學妹裸身畫符化解車關　還發生2次關係
223,強攻電競　宇瞻推出PCIe規格SSD
224,蔡英文喜歡的這個聲音　母親節在電台聽得到
225,英醫接生扯斷脖子　嬰被「斬首」頭卡子宮
226,【時尚圖解】法國鞋王Roger Vivi...
227,【微視蘋】「老公是我選的」　勇婦養3子守...
228,早午餐不NG　雞蛋別搭熱狗吃
229,搶夏季消暑商機　超商開賣客製化雪花冰
230,5月19日起　南航移至廣州白雲機場T2
231,慶祝母親節辦嘉年華　福德坑園區好禮相送
232,​一座公寓四人活過百歲　記者舊金山尋訪長...
233,周末天氣晴！全台熱　高溫衝32℃
234,TLPGA聲寶女子賽下周登場　總獎金40...
235,【NBA TOP3】詹皇季後賽5度絕殺　...
236,詹皇有多無所不能？！還在場上教對手跑戰術
237,林志傑5大國手共聚一室　商討什麼大計？
238,球后戴資穎打球特色　搜狐給了4點評價
239,【歷史上的今天】蘇貞昌請辭閣揆　中國拒參...
240,【MLB報馬仔】雙城與天使投手近況佳　打...
241,黑暗騎士復活？　哈維今客場先發戰道奇
242,牧德盃羽球排名賽　市值13兆53企業參賽...
243,金正恩想當北韓鄧小平　文在寅獻計送隨身碟
244,台裔廚神被魚刺逼哭　媽媽神出題用這整倒他
245,【特企】入主超越天母的林口 昕楽章推你一...
246,美願提供經濟援助　讓北韓和南韓一樣繁榮
247,喪禮聚餐把燃料當白酒　3人喝完中毒暴斃
248,行賄聯合國高層　中國政協被美法院判刑4年
249,一周內第三起　少女在家唸書遭村民放火姦殺
250,【有片】​透天厝凌晨竄大火　警消撲滅無傷...
251,【更新】洛杉磯高中發生槍擊　一人中槍受傷
252,不斷退出協議　梅克爾批川普：破壞國際信任
253,川普退出核協議　助俄羅斯與歐盟拉近關係
254,紅土之神敗了！　提姆馬德里中止納達爾連勝...
255,【有片】​轎車拒檢沿路衝撞　警開3槍逮2...
256,【獨家】滿滿的王大陸　莊敬高職官網竟然變...
257,【東山再起】大馬新首相宣布特赦政敵　安華...
258,【世紀會面】川金會選在新加坡　白宮：參考...
259,網友發現只有這家店提供刺繡服務
260,美眉一自拍就停不住　露齒笑為大家解解悶
261,直播買家電可分期了
262,幫人氣水獺寶寶命名　即日起可上動物園臉書...
263,亞太不能說的秘密　違約金幫忙2千求關注
264,墨西哥藝術家將動物這樣搞KUSO　吸引逾...
265,動物園人氣新成員　歐亞水獺寶寶游泳萌翻
266,【萌片】搞笑寵物日　汪星人霸氣躺桌
267,【3C發燒事】499之亂由來　小米旗艦手...
268,BMW熱賣小轎旅改款　163萬元上市搶客
269,【驕傲片】這把槍是台灣之光　而且會讓人變...
270,Google I/O旗下平台大更新　物聯...
271,排隊搶499　KKBOX加送霜淇淋
272,VW最強Golf GTI是這台　未來量產...
273,蕭家興：國土美學無法度
274,【下周星情】雙子遇異國戀情　金牛偏財運佳
275,媒改社邱家宜：運用數位環境解決斷訊風波
276,【催淚片】女鵝　這店是媽送你的禮物
277,醫勞小組湯柏筠：看得到吃不到的孕產育政策
278,關懷偏鄉　IKEA推捐款好禮
279,美眉屎面迎強國客　慘遭開除還進警局道歉
280,五月天香港第4唱　梁家輝上班打卡被敲頭
281,【羨慕片】喵星人躺在她的胸上睡　網友喊「...
282,【母親節】媽媽的8句謊話　你絕對超有感
283,奶破流出杯杯膿湯　慘！她隆乳失敗還失業
284,雛鳥被汪星人收養　連餵奶牠也要參一腳
285,社工師張詠：卸下社工角色後，我也是人
286,2歲女童遭愛滋狼性侵染病　誘導昏迷治療中
287,【狗仔偷拍】路人系星爸街拍這樣拍！仔仔神...
288,【風暴片】豪宅暗藏1.3億　台灣民政府夫...
289,【哭哭片】來不及領畢業證書　少年衝火場救...
290,舊愛還是最美！超模貝拉喇舌威肯大復合
291,百貨韓國物產展　限量嘗鮮
292,【微風之夜】廖曉喬買珠寶愛一次爆發　年年...
293,林夕專欄：你今天下跪了沒
294,性愛偏好大調查　最受歡迎的男生「棒棒」是...
295,婚禮拍出「鬼片FU」　婚攝急PO網問：有...
296,他找癌女援交挨告性侵　辯「碰都不敢碰」
297,復仇者的肉體超養眼　這個英雄竟還拍過全裸...
298,【動畫】空服員搭滴滴車遭姦殺　警怒：兇嫌...
299,【法律問蘋果】遭罵「吃大便」是否觸法　這...
300,【旅途中】你沒聽過的泰國祕境　原來最適合...
301,跟著五月天巡迴去旅遊　台妹追星全球跑透透
302,檢察官林達：翻轉貪腐無罪王國 速訂餽贈罪
303,戰鬥民族理髮用斧頭　失手誤劈女客頭見紅
304,【不斷更新】​台南驚傳強盜滅門三死血案　...
305,台灣之光！　18歲林鉦翔入圍Nike設計...
306,【滅門3死】檢察官現場指揮　調路口監視器...
307,張清芳義唱包群星妝髮砸50萬　虧同場范逸...
308,【滅門3死】孫兒屢要錢偷竊　獨居婦心軟未...
309,【滅門3死】偏僻山區出事難抓人　民眾籲加...
310,蔣智賢美技+猛打賞　富邦10比6勝桃猿
311,【滅門3死】偏僻山區出大案　資深刑警：極...
312,韓國瑜攜眷出國挨批自肥　槓段宜康「半人半...
313,中信兄弟假性先發破功　蔣智賢擊退Lami...
314,【獨家回應】王思佳微風之夜2點全露　扯「...
315,川普「讓美國再偉大」　風暴女「讓美國再猥...
316,蔣智賢關鍵美技成獲勝關鍵　葉總：他守備本...
317,【滅門3死】台南善良老農慘死　鄰居震驚：...
318,郭阜林：希望媽媽和爸爸有一天能來看我比賽
319,郭阜林破解假性先發　統一9比3宰中信
320,【499之亂】電信瘋狂違約潮　法律專家有...
321,水情APP回報淹水　抽水機大軍待命救援
322,【499之亂】老客戶心死！中華電堅不補償...
323,黑板樹已成為另類公害，還要種嗎？
324,大樂透連摃創紀錄　下期獎金上看5.5億
325,民進黨北市長人選　蘇貞昌：不宜說三道四 ...
326,北影「亞洲稜鏡」片單出爐　另設《模犯生》...
327,開門20分鐘就抽到200多號　電信員工怨...
328,【廣三槍擊案】與證嚴一段緣分　中彈孕婦明...
329,【暖流】想哭！癌末父日日要2女記得叮囑 ...
330,報警表明死意　男子疑開槍自轟身亡
331,康乃馨暴跌　他想改母親節成母親月
332,【微風之夜】孫芸芸深V鎮場　吸13.5億...
333,【美魔女片】身價至少1.4億美魔女　「淡...
334,孩子從母姓也很好　新手爸媽抽數字決定
335,【回擊片】世大運放水說惹眾怒　呂秀蓮：講...
336,電信孔蓋落差9公分　女騎士慘摔腦出血
337,飆至42個月新高　下周汽油每公升漲0.6...
338,身份證 證明了誰？ 
339,【母湯片】走私200公斤冰毒　兩台男在澳...
340,都市也能針灸　狂插千「針」讓居民樂陶陶
341,古巨基香港開唱驚出意外　慘跌落舞台大洞
342,【有片】空氣槍狂射流浪狗　教會人員辯「驅...
343,【499陷阱】網內外分鐘數少給？　只是誤...
344,【不斷更新】高雄氣爆12官商重判　檢：絕...
345,台中客運撞斷路燈　卡分隔島
346,【破天荒片】鴻海宣布減資2成　加計股息每...
347,陳沂狠酸王思佳　「不慎露點都能如此俗氣」
348,【微風之夜】15位千萬刷手撐場　豪客狂買...
349,【沒有片】歐洲人怒了　同志彩虹旗被中國電...
350,【GG片】藏1.3億涉詐　民政府林志昇等...
351,低收單親父昏迷2月過世　高三孝子待援
352,【心寒片】全民死心！1分鐘看中華電499...
353,5月11日台灣彩券開獎號碼
354,中職全壘打較去年同期少20％　好球帶放寬...
355,靈媒題材正夯　《看不見的台灣》解密天語
356,高雄氣爆近4年　45億善款做了這些剩這些
357,妻兒雙亡！他環島6次療傷　就是不敢吃拉麵
358,以為要去巴西！「GOT7」記錯行程急道歉
359,共機經宮古上空繞台　日自衛隊也發佈照片
360,下周啟動油價緩漲機制　小客車月省逾200...
361,「不該生下你受苦」　氣爆毀容男靠她走出人...
362,​【直擊片】豬隊友試槍引注意　遭警攔截逮...
363,提前停發號碼牌　顧客氣到投訴中華電信
364,李毓芬33歲生日送福利　脫到剩三角布引狼...
365,【回嗆五毛片】被酸刺槍術軟趴趴　陸軍秀影...
366,【你早洩嗎】女神41J實測持久液　害羞嬌...
367,張庭瑚扮搞笑版甯采臣　鮮肉臨摹王祖賢反串...
368,【喊冤片】高雄氣爆一審宣判　趙建喬喊遺憾...
369,母親節吃飯一位難求  愛心也滿溢
370,打臉呂秀蓮放水說　蔡英文：誰來誰不來都拚...
371,棕熊也愛「得來速」？動物園主遭起訴
372,打擊狀況不如前2季　朱育賢要找回打擊節奏
373,女遊客合影周董蠟像卻瞄本尊一眼走人　網虧...
374,婦人騎機車摔工地　鐵條插頸一碰就噴血
375,蘭嶼單親媽獨養8子　獲頒台東模範母親
376,8旬嬤苦等4年　「盼起家厝再蓋起來」
377,X-Trail小改款　2.0升若沒更便宜...
378,停機棚地板　竟然拿來做車道？
379,【悲傷片】為救愛犬衝回火場　15歲少年抱...
380,【有片】惡煞衝藥局砸店　媽媽抱嬰兒竄逃　
381,​【499之亂】遠傳門市疑系統故障　民眾...
382,【坎城紅毯】凱特大魔王抗何仙姑　性感王女...
383,【二戰炸彈】​香港鬧區又見未爆彈　順利拆...
384,富邦牛棚疲軟　葉君璋：狀況還OK
385,【499攻略】固盤激戰　台灣大、遠傳11...
386,孝女燒炭亡　竟是遭乾哥性侵悲憤輕生
387,女高中生遇公車癡漢　被偷摸嚇到不敢叫
388,呂后世大運放水說牽拖柯Ｐ　北市府：二軍與...
389,喜宴蟑螂母女檔慘了　女遭起訴、母將通緝
390,高鐵南延屏東欠缺的是氣魄與想像
391,《日常對話》再下一城　大馬禁忌話題擒華人...
392,施子謙戰陳琥　蔗總：奧運希望　史總：中職...
393,​豬頭擺好擺滿　泰國用4500個豬頭祈福...
394,柔性外交　潘維剛當選國際蘭馨交流協會美洲...
395,男鬧出人命不負責　女貼大字報「大騙子」反...
396,【499之亂】西莒門市免排隊　全島只有他...
397,【開胃片】嚐嫩筍咬夏天滋味　少這道肯定不...
398,Krystal黏姊姊搶鏡　伯爵首爾趴大牌...
399,​行車糾紛鳴喇叭　小情侶遭尾隨砍傷  
400,熱血正義哥擺烏龍　錯拿YouBike砸警
401,下周五國際博物館日　故宮、台博館等免費入...
402,【有片】麥可拉斯開季5勝0敗　ESPN讚...
403,宣稱跟NASA合作　印度父子「太空衣」令...
404,【自立片】拒當醉夫沙包　單親媽攜女賣地瓜...
405,台灣威士忌有喜!獲國際大賽ISC金牌肯定
406,【499之亂】員工太操　中華電威秀、南區...
407,再等一年　他們終於快要有家了
408,「人無信而不立」　鴻海減資達成郭董2百元...
409,【499之亂】民怨爆　消基會：可比衛生紙...
410,有樣學樣抄捷徑　登山客唐麻丹山迷途
411,倒數一週　斯文里18日拆除「如期進行」
412,夏于喬遺傳黑肉底　自信迎接小麥肌時代
413,日本職棒吉祥物開球　謎之魚嚇到露出第3型...
414,【世界一瞬間】女星性感走紅毯　攝影師快門...
415,金管會「寶佳條款」高舉金金分離，能否將金...
416,【一起讀判決】人民參與審判　民調大解讀
417,疑心臟不適硬撐　新北農業局長備詢狀況多
418,【破解片】卡片真的會開花　魔術手法看了秒...
419,機車擋路　6旬嬤怒推倒車害他損失近萬元
420,39億元土地找嘸繼承人　逾期白捐給國家
421,【農傳媒】食用保育類野生動物　違法之餘恐...
422,【台北選戰】呂秀蓮：柯Ｐ最近才意識到民進...
423,【499之亂】被削？台灣之星想跳中華　違...
424,牠被打還搖尾乞愛　無良飼主竟想挖晶片安樂...
425,【幻滅動畫】「優質個工D杯胸器」　他首次...
426,鴻海將宣布減資　網友熱議：「郭董想退休了...
427,蕭敬騰法國留情想置產　被「她」虧純幻想
428,台大明開校務會議　自主聯盟籲教部依法聘任...
429,【實測片】換499免付違約金　遠傳回應了
430,滴滴駕駛姦殺空姐逃亡　女友繼續PO照曬恩...
431,【特企】全球瘋果油瘦身 祕魯產地爆搶油大...
432,【驚悚片】加拿大海岸7年來發現14隻人腳...
433,王菲私人IG被扒出　謝霆鋒甜蜜私照曝光
434,【更新】蘇祈麟2歲女兒萌樣滿場飛　府發言...
435,蘋果帶你㫓台北米其林　電子書5/15免費...
436,打擊率4成保衛戰　廖健富要加強肌力
437,咖啡紙杯用量大　北市擬推環保杯甲店買乙地...
438,明星賽票數領先小朋友　高志綱：隨緣啦～
439,99歲產婆庇護工場淘寶樂 　市府獻99朵...
440,小錢打造媽媽隱形金鐘罩　首重這三種險
441,秀智訪寶島放送白嫩美腿　自豪中文沒忘秒掉...
442,共軍機「雙向繞台」　軍事專家：對台輿論戰...
443,外資半年大砍123萬張　逼出郭董祭出減資...
444,​【499之亂】新竹建新服務中心限額40...
445,【499之亂】擔心搶不到499　中華電信...
446,V6當爸第3人！長野博白石美帆喜獲麟兒
447,【499之亂】中華電信雙和營運所排30公...
448,【499大亂動畫】電信三雄獲利大傷　手機...
449,【499之亂】中華電信中壢限1千人　平均...
450,蕾哈娜跨界再1發　性感黑魅賣內衣
451,盼到新老總　張鎮坤接任三商美邦總經理
452,新竹巨城迎接阿卡貝拉節　人聲樂團廣場輪番...
453,人安基金會輔助方案　一袋地瓜助單親媽脫貧
454,【夯吃片】自製和風米漢堡　男星教你煸肉汁
455,坐牢竟收3600交通罰單　法官判免繳 
456,議員爭取1280定期票納機捷　新北：7月...
457,【叫不醒片】住宿舍永遠的痛　打鼾狂人不讓...
458,【饒命片】父母難逃「陪我玩」　賣命演卻被...
459,練習生亂開玩笑　評審狠斥「沒本事就回家」
460,金門大橋施工困難已克服　可望2021年初...
461,郭嚴文傷癒歸隊　先發打2棒守二壘
462,管中閔臉書再發文　引謝宇程文章透露適任校...
463,結束訪日　李克強盼中日關係重回正軌
464,柯媽撂話代打綠營？柯Ｐ：母疼子忍不住回嘴
465,廣達有AI牽成　林百里：從沒這麼有希望過
466,【虎口片】斑馬線上直直闖　他下秒慘拋36...
467,【重建片】高雄全國首棟危老建築動土　8旬...
468,追隨鴻海赴美投資？大成鋼擬匯150億赴美...
469,【有片】要等女友卻來警察　通緝犯狂逃百米...
470,鴻海首次減資　法人分析原因是這個
471,【499之亂】中華電信爆超時加班　新北勞...
472,【有片】2嫌走私109槍拒吐主謀　辯「幫...
473,中國金錢利誘我邦交　尼加拉瓜：絕不會被錢...
474,滴滴駕駛殺害空姐　滴滴：停業一周整改
475,文化部發函中國出版品要先送審　藍委痛罵威...
476,【壹週刊】媽媽手機照片怎備份？自己在家裡...
477,台灣民政府夫妻1.3億現金　藏豪宅8坪大...
478,【壹週刊】穿越時空唇交陳喬恩　明道、張少...
479,【壹週刊】湘瑩夜會中年男　無緣婆婆這麼說
480,女友「蛇姬」將產子　胡睿兒遭求償千萬6/...
481,馬英九自爆：出訪曾被誤認同志　繼續攀談合...
482,499之亂！查獲中華電信員工超時工作　高...
483,母親節將至　永和分局辦餐會慰勉警察媽媽
484,張小燕3個最後痛悼孫越　「來夢中告訴我你...
485,里港暗夜槍響　男子辯不爽女友才開槍洩憤
486,自基層一路竄升　高市府秘書長氣爆案栽跟斗
487,和媽賭氣30載　算「見面次數」讓她淚崩
488,【499陷阱】違約金惹議　用戶怨：較快到...
489,中信本周全用假性先發？陳琥周日可能中繼
490,母親節悶熱注意午後雷雨　下周末又有鋒面（...
491,【潮片】Apple Pay變實體信用卡！...
492,華碩涉壟斷遭歐盟調查　將付22億和解金
493,社工專協：請確保社工不再遭暴力攻擊
494,【廣三槍擊案】莊嘉慧入住慈濟　「特別的母...
495,王祖賢絕美近照2連發！露美腿仙氣爆表
496,安華可望即刻特赦　含笑觀賞馬哈迪就職轉播
497,​【獨家】恩師變噁師纏人妻3年　跟蹤偷信...
498,【高雄氣爆】榮化組長判刑4年　當庭泣訴「...
499,蘇活區必訪新熱點　來GUCCI聽故事看電...
500,上年紀難逃「老人味」　其實都是它害的
501,北市長禮讓柯P　南市綠營議員揚言退出選舉
502,​中研院南院動土　蔡英文：不亞於南港院區
503,【照過來】好康分享！這間中華電空蕩蕩　搶...
504,Line貼圖贈禮券　中油、小七：是詐騙！
505,【擔憂片】國軍刺槍術操練軟趴趴　被中國網...
506,知名山岳嚮導猥褻女大生　法官判刑1年
507,【有片】張學友歌聲神巧合　「親吻她」後三...
508,南鐵地下化北區協議價購會　住戶要求提高補...
509,​川金會選定新加坡　媒體點名3大酒店
510,龍發堂家屬不滿病友移出後不聞問　對衛福部...
511,姊就是要買房　雙北女屋主比男多
512,最美士官長升格連長　劉香慈自傲完美背肌
513,樂天擬再出售50家店鋪　即將全面撤出中國
514,星宇航空大舉招募新血　即日起釋出百職缺
515,【呂后語錄】有話直說呂秀蓮　狂言酸語看這...
516,清大耗資近7億　建百間國內最高規格實驗室
517,台玻Q1每股賺0.26元　今年營運看增
518,【傷心片】惡火奪15歲少年性命　學校將頒...
519,花博卡一卡在手卡「實在」  環保將來再說
520,廣三槍擊案19年未破　警：很不好意思
521,【焦點人物】呂秀蓮敢說直言　蔡英文也得敬...
522,難忍霸凌在家自學　13歲女孩寫APP當C...
523,小模洗澡淫徒闖入　她機智脫險逮色狼
524,鴻海美LCD廠下月28日動土　川普是否出...
525,【499之亂】中華電門市又傳停發號碼牌　...
526,【超扯】女星美照被當遺照用　電視台瞎爆急...
527, 台灣輕忽能源危機　彭博預警今年有大停電...
528,【搏版面？】PK呂后　柯P也常脫稿失言
529,丁噹樂吸芬多精　險被「男友」甩下山谷
530,【有片】醉漢拒簽酒測單　要女警「簽我懶叫...
531,【更新】蘋概股發威被動元件震盪　台股站上...
532,借百萬瑪莎拉蒂上路　棄車落跑全怪這理由
533,台南雙層巴士辦移動演唱會　遊客聽民歌逛府...
534,【499之亂】中華電稱優惠只是小確幸　老...
535,​檢舉高醫名單竟遭教部洩漏　學生：被賣了
536,肇事者當公親代位求償　高市府挨轟唬弄受災...
537,​【有片】沈玉琳體驗警員日常　大嘆勤務太...
538,章子怡結婚3周年放閃　老公汪峰肉麻回撩
539,豆奶攤疑集體食物中毒　患者糞便驗出沙門氏...
540,郝柏村痛批轉型正義　「顛倒是非、清算鬥爭...
541,狂！他用一千個可樂罐　打造1:1.5的F...
542,【499演唱會】高空俯瞰！「貪食蛇還在增...
543,​大馬變天　安華妻子成首位女副首相
544,股匯雙漲！台幣匯率升9.9分收29.77...
545,中共軍機「雙向繞台」　我空軍全程掌握確保...
546,【坎城影展】5女神出海　范冰冰強氣抗衡眾...
547,心跳過慢會致命！每分鐘少於60下要小心
548,「愛呀！我的媽咪」　桃園機場傳樂響
549,超紅直播主在你家　牠的粉絲搶圍觀
550,【有片】信用卡光靠Logo無用　高額現金...
551,媽媽捐腎7歲兒　兩度賜給生命禮物
552,捐血捐錢救弱勢　罕病家庭獻熱血    
553,【運彩報馬仔】19戰17勝　乘勝追擊押洋...
554,廣三集團一夕崩解　曾正仁得再逃26年才免...
555,【有片】解放軍宣布軍機「雙向繞台」　蘇-...
556,北市自行車實名登錄抽獎　頭獎iPhone...
557,他因寂寞買了充氣娃娃　糗！這下無助了
558,生技中心入厝　龔明鑫：兆元產業將起飛
559,「靠X輪子不見」　他魔性笑聲讓網友狂重播
560,消防員熊抱替代役男猛頂　遭控性騷判無罪
561,​吃辣有好處！可降低癌症、心臟病死亡風險
562,馬來貘搖身甄子丹套功夫裝　粉絲虧「像洪金...
563,醫護化身親善大使　病房贈送康乃馨　
564,【499之亂】排隊人潮溢到馬路　中華電信...
565,【全紀錄】大聯盟10場戰果　皇家裴瑞茲生...
566,最暖心的守護者　狗狗陪小主人一起穿兄妹裝...
567,【高雄氣爆】重判12官商　檢：絕對有警惕...
568,時代力量還挺不挺柯文哲？　黃國昌與林昶佐...
569,台大新竹分院擴院用地確定　城市醫療將更完...
570,山老鼠深夜出沒　民眾報警逮人
571,歡慶母親節義賣做公益　竹榮幫助弱勢就醫
572,基層反彈柯文哲　友柯派高嘉瑜憂：大家失去...
573,偷廢棄鋼材牟利　男辯：以為是別人不要的
574,大魯閣進駐竹市　運動休閒複合廣場試營運
575,【護航片】柯P媽媽嗆互不相欠　姚文智：家...
576,手槍變包展幽默　巴黎300年老牌手袋來台
577,36F辣媽上班25天遭解雇　怒告直播平台...
578,499之亂因低價競爭　鄭優：「忍耐有限度...
579,【K律師論點】拔管掀論戰 　3判決一面倒
580,【有片】敲第5轟添2打點　大谷：除被三振...
581,【499攻略】免排辦到好有代價！代排代辦...
582,【蘋果LIVE】酸世大運選手後　呂秀蓮1...
583,【暴力片】不滿受虐童遭安置　家屬糾眾痛毆...
584,【揪感心】藝人球星挺氣爆災民　他捧百萬現...
585,【奢華片】地表最貴量產SUV　國內預估2...
586,忍不住都要跨海購買　這18款美國零嘴最夯
587,​女波麗士辛苦了　分局長母親節送花致意
588,趙又廷穿得好看讓人想敗　HOGAN運動鞋...
589,【499之亂】客服邊上班變哭！「媽打來也...
590,【有片】搭謎樣賓士到板門店　金正恩老飛機...
591,【有片】台灣民政府涉詐欺　拔菜總部要求逮...
592,群聯Q2增溫 　潘健成預警明年Flash...
593,【廣三槍擊案】曾正仁卡超貸淪落跑大亨　櫃...
594,校友律師觀點：校務會議不能將違法遴選合法...
595,梅花表推百搭款　超薄錶貼近女人心
596,「真的有夠倒楣」　超商結帳遭隨機攻擊
597,​【499之亂】員工爆忙餓到半夜　勞動部...
598,高雄氣爆案宣判　榮化：將上訴以釐清真相
599,罔顧職業道德　小黃司機酒測值1.04遭逮
600,手伸胸前掏出這根　她冏到警察了
601,【499之亂】你看不見歡樂方案背後　其實...
602,明年起供電恐吃緊　台電：每年皆規劃新增機...
603,【法律問蘋果】副理請育嬰假　竟遭調職降薪...
604,【高雄氣爆】事發近4年　陽光密集復健51...
605,感謝跳中華　台哥大「網速多一倍破百」
606,西門町店面又漲　租金報酬率估3%
607,【499之亂】其他服務被排擠　民怒：政府...
608,【高雄氣爆】12被告齊喊冤　法官公布犯行...
609,【499之亂】癱瘓門市和客服　惹來NCC...
610,與女友吵架亂踹車　酒駕男扯謊遭警戳破
611,延長線使用觀念要有　謹記「四不一沒有」
612,看見臨檢停機車改散步 酒駕妹難逃警眼
613,超辣！聽到陳孝萱離婚　張菲讚「老天有眼」
614,華立打入智慧音箱供應鏈　增添營運動能
615,【危老屋故事】喪母屋垮　他終於等到重建日
616,【廣三槍擊案】關心中彈孕婦19年　犯保協...
617,【圖多】果然是約砲軟體　都是女網友的奶子
618,高雄氣爆遭判4年　榮化董座7百字聲明：將...
619,廣達首季雙率走降　林百里：還是比較辛苦的...
620,擲筊問完神明　男子乖乖交出身上大麻　
621,男樓梯間上吊輕生　嚇壞社區活動中心民眾
622,新北社工遭威脅年增近4成　有人被雨傘勾頸
623,台大明開校務會議　學生會籲校方積極面對校...
624,當爸第2天！余文樂密謀停工2月陪妻兒
625,【大馬變天】群聯董座潘健成秀藍手指　樂見...
626,恩比德要當大哥找球員　最先想到詹姆士
627,【葳！你吃了沒】學生網友激推　北科大巷內...
628,搶499太瘋狂「用生命排」！吊點滴、18...
629,求職履歷也要「開美肌」  免費健診助找工...
630,遇警闖國道逃竄　下秒嚇到褲底一包
631,遭499之亂波及　通訊行可能吹倒閉潮？
632,三總台北汀洲院區也停電　幸無事故發生
633,【499之亂】DAY3之變樣母親節　「孝...
634,泡水版始源是你！男歌手來台被這樣叫
635,​【499之亂】全台搶499　台東大武僅...
636,政論節目受訪遭圍剿　柯媽：我氣得臉紅吱吱
637,借5千竟討20萬　惡煞討嘸錢竟擄友凌虐
638,桃園演唱會免費入場　再送150元零花
639,【499之亂】埃鳳X綁約與499專案無緣...
640,高雄氣爆宣判　陳金德替趙建喬叫屈「判太重...
641,酒店前開槍　竟是並排停車遭後車按喇叭惹禍
642,街口支付市佔逾60%　不加入共用QR C...
643,當歸廢料當「蔘」賣天價　地方媽媽補血變大...
644,立院三讀　危老建物重建放寬融資上限30%
645,和女友家人聚餐　他說這句話當場被甩巴掌
646,【選址片】「川金會」為何選在新加坡？　白...
647,北一女校園現黑函　竟控老師竄改學生成績
648,柯Ｐ「兩岸一家親」言論惹議　柯媽說有典故
649,好開明！啪啪中女友爸進門　竟只說了這句
650,泰隆魯樂見表姪泰頓打得好　卻又不能被他打...
651,【K律師論點】薪少事多「做功德」　社工安...
652,立院三讀《資安管理法》　遇事未通報最高可...
653,兩款法式風情　擄獲媽媽和女兒的浪漫心
654,只有她能平亂！電信店員太可愛　網友改49...
655,信義區住戶玻璃龜裂　警：不排除遭BB彈射...
656,權值股領軍上攻　台股收盤上漲98點
657,【有片】正妹空姐曾怨「司機親我」　慘遭姦...
658,浪琴再添帥哥生力軍　韓星鄭雨盛代言
659,男搭機車遇警攔查　下車就走褲管藏毒露餡
660,499之亂第三天　2千杯水滅排隊怒火
661,柯P獲綠禮讓就不搶2020？　柯媽：我們...
662,【有片】「國民初戀」秀智抵台　與粉絲零距...
663,​【有片】詐騙集團謊稱博弈公司　上門求職...
664,​雙贏彩首次開出「全不中」頭獎　幸運兒不...
665,柯P媽親上火線　王世堅：柯文哲對不起媽媽
666,傳蘋果與高盛合推信用卡　最快2019年亮...
667,饋線跳脫　北市汀州路附近2442戶停電1...
668,【人資長教面試】面試通關步步來　好公司等...
669,全國首件危老案重建　小英致詞6分鐘快閃
670,印尼女移工起貪念　偷雇主百萬金飾　
671,超狂音樂營！ 阿妹當講師粉絲瘋了
672,柯建銘牽線促成教長與郭大維見面？　台大澄...
673,【壹週刊】〈愛濃於血緣1〉養過13個孩子...
674,全國電Digital City屏東店開幕...
675,【壹週刊】〈愛濃於血緣2〉為了照顧無國籍...
676,【壹週刊】〈愛濃於血緣3〉因病老公不讓生...
677,滴滴車司機姦殺空姐後跳河逃逸　警：死要見...
678, 酸世大運選手後　呂秀蓮今下午出席崑山科...
679,企業家做到這樣值了　香港報紙頭版集體刊他
680,最新民調：蔡英文上台2年　5成不滿意兩岸...
681,李嘉欣好品味源自母親　曬80歲老母凍齡照...
682,產銷履歷日式炸雞　福壽要民眾吃的安心
683,中華電499燒不退　網友酸「再來個288...
684,【回不去了】AV女優灑淚辛酸史　「我很多...
685,毒犯拒盤查撞車亡　警追捕逆轉判無罪確定
686,【真相片】「日本人真的是變態」　AV女優...
687,避免遭禁售令拖垮　中興通訊：未來2周關鍵
688,未獲WHA邀請　蔡英文豪語：用實力證明世...
689,彰化斷頸動脈殺妻案　醋夫脫險遭收押
690,新北首創紀錄片線上影展　手機看12部佳作
691,董事長Micky報喜迎二胎　母親節送暖弱...
692,見警盤查心虛傻笑　毒蟲攜安毒落跑立遭逮
693,【母親節快樂】獻上祝福與感謝　汐止警分局...
694,「大家都是炎黃子孫」　吳敦義：歡迎新住民...
695,「川金會」失敗怎麼辦？　川普：就這樣啊！
696,本土劇女星剖腹生金牛兒　帥樣曝光「18年...
697,​【世紀之拍】未完成作品因為他　破了世界...
698,踢到剉賽　英格蘭傳奇自爆世足糗事
699,涉台開內線交易求解除境管　游世一：不會為...
700,一夾完被火速打包！4塊麻油雞260元「被...
701,【高雄氣爆重判】小鎮醫花4年促和解　「處...
702,新北職探中心成果展吸人氣　啾啾鞋明踢館
703,中華郵政擬消除「血汗郵局」　解決人力斷層
704,​【499之亂】羅東人搶辦499　中華電...
705,有夠衰！中華電信499之亂　害警廣被罵翻
706,不讓洋基單獨第1　馬丁尼茲8上開轟紅襪5...
707,建仔紀錄片首映　憶受傷一刻「機會再來還是...
708,復仇者現身莫斯科街頭　宣傳6/14開踢世...
709,年花80萬包養女大生　男分手竟提告欲討回
710,美國當年為何轟炸南斯拉夫中國大使館？  
711,【唱多片】買買買快買！專家說黃金將狂飆6...
712,夏日度假趣　Altuzarra推一周7日...
713,【有片】心疼柯P遭轟　侯友宜：認真做自己...
714,留美OPT簽證創新高　律師憂：隨時恐終止
715,​【一日醫蘋果】體重不控制　易發膽囊結石
716,油價明年恐重返100美元　伊朗指川普要高...
717,新董座力推數位轉型　中華郵政擬投資績優股
718,油價緩漲機制周日宣布　經長保密到家
719,馬祖又見死亡鯨豚　外觀腐爛死因不明
720,【廣三槍擊案】中彈孕婦躺19年　父母忍痛...
721,【499之亂】桃機也淪陷　排隊民眾：這裡...
722,「拍謝」說了兩岸一家親　綠營開心？柯：不...
723,慣竊愛偷名牌包　心痛！愛瑪仕1折賤賣
724,499之亂害慘AppleWatch 3 ...
725,小琉球浮潛見超美魚群　他知道真相後崩潰了
726,【警世片】23歲女跟50人啪啪啪得疱疹　...
727,​辦亞太門號送Apple Watch　民...
728,【有片】抗議台灣民政府吸金　大陳島促進會...
729,南部好野人過真爽　住透天厝還送上億會館
730,安全帽沒扣遭攔查　男子包內驚見大袋毒品
731,川普金正恩同框新加坡　習近平到場機會高
732,【更新】明升格當教練　一朗：可能會抄攻守...
733,全台他最爽　辦499還免費拿Apple ...
734,【哈利大婚1】英皇室最高齡新娘　強運梅根...
735,消保處遏止黃牛票　「非自用」購票可拒退
736,旅居大馬台人：馬哈迪再任首相，是怎麼辦到...
737,不顧車窗遭球棒砸毀　5男忙護花1女返家
738,澳洲民宅槍擊慘案　3成人4孩童身亡
739,7勇消高雄氣爆殉職　隊友淚憶「相信他們在...
740,想報高中之仇　湯普森說哈登不好守
741,高雄氣爆毀商圈　店家硬撐嘆「客人回不來」
742,【高雄氣爆】罕見和解仍判重刑　原因是這個
743,鈊象展VR遊戲機　立院院長蘇嘉全也試玩
744,藥華藥PV新藥啟動日本一期臨床　拼年底完...
745,Apple Watch開賣　亞太電盼拉升...
746,氣味相投　小唐納傳搭上《福斯新聞》主持人
747,挺大肚現身！名模嫁億萬家產和尚有多爽　看...
748,群龍無首負擔大　台大擬增聘2位副校長
749,【好攝片】跨性別結合聖經　定義自由與純潔
750,eSim版Apple Watch　亞太電...
751,席格雙響轟滿貫砲　水手戰績只輸太空人1....
752,【499之亂】熱潮不退　中華電信號碼機又...
753,【想要片】DIY夢幻書架　澳洲夫婦成世界...
754,【兩岸一家親】國台辦說話了　柯：他們發言...
755,PANDORA向媽咪「飾」好　直接把MO...
756,【操心片】錯把周杰倫當男友　搞笑媽媽讓子...
757,【499陷阱】固盤出招！　台灣大半夜改約...
758,馬英九領銜公投案進第二階段　將邀陳師孟連...
759,​亞太門號送Apple Watch　 有...
760,柯P媽嗆蔡英文　北市若提名「以後不相欠」
761,力拚高雄市長選舉　璩美鳳辭統促黨發言人
762,PGA球員錦標賽　潘政琮落後2桿並列第1...
763,【499之亂】延燒第3天　板橋逾500人...
764,超模裸身挺TAG Heuer　同框猛獅面...
765,五楊高架自小客火燒車　駕駛逃出幸無人傷
766,抗議女教授唸她讓男人分心　女大生當場脫衣...
767,這團抱好大！大谷翔平+3世界冠軍還要再邀...
768,KTV歡唱不爽被瞪　撂山寨快打助陣濺血
769,當年的重災區小鎮　冒出2千萬元別墅群
770,最後1位超音速時期的雷霆球員柯利森宣布退...
771,不科學！她衣服穿超多　網友卻不吝給讚
772,高雄氣爆案遭重判　華運：遺憾、將幫員工上...
773,網友怒了！　攻陷呂秀蓮臉書譙「爛透了」
774,館長怒譙呂秀蓮　「欠全台運動員一個道歉」
775,修保險法保障弱勢 　小心勿幫倒忙 
776,星雲法師女弟子超強口譯　驚艷網友讚「最正...
777,范冰冰李冰冰傻傻分不清　雙姝異口同回3個...
778,連勝文呼籲無色覺醒　別再被柯文哲分裂人格...
779,【有片】​和詹皇一起打球有多可憐？看看洛...
780,月給1萬孝親費合理嗎？　她怒「不給就該死...
781,揹老婦過馬路網友讚揚　暖警：真的沒什麼
782,「川金會」選址新加坡　傳習近平下指導棋
783,小英政府呼應川普「印度—太平洋戰略」　外...
784,國巨成股后　陳泰銘身家9個月增逾2百億
785,【499之亂】辦到手軟！沒業績就算了　2...
786,國巨成股后　老謝：股王股后其實都是壓力
787,呂秀蓮：世大運我們那麼多金牌　是因中國放...
788,釘子戶全世界都有　拒拆遷後成為「奇觀」
789,【盟友片】​美眾院軍委會通過草案　提高台...
790,世界最大1千人雜交趴下月開戰　魯蛇禁入
791,劉昌坪專欄：憲法不管用 宜蘭縣政府說了算...
792,全民瘋搶中華電信499　黃昭順罵：比衛生...
793,中國施壓矮化台灣　美國會議員致函航空業力...
794,大師辭世　GIVENCHY延續優雅力量　
795,美國眾院軍委會通過助台軍力草案　吳釗燮：...
796,用中文跟Google助理自然聊天　研究員...
797,【廣三槍擊案】19年前誰開槍？至今未破案
798,1399先生你不是盤子！解密499元電信...
799,《金包銀》女星患頑疾　鎖喉夢靨「晴天霹靂...
800,中華電之亂還在燒　「上班哪有比搶499重...
801,納達爾紅土連拿50盤　改寫高懸34年紀錄
802,國聯防禦王進10天傷兵名單　紅雀虧很大
803,香港地鐵激吻照瘋傳　台網友驚：好像柯P和...
804,499吃到飽割喉戰　台灣之星酸回：我們才...
805,【搞鬼片】美女賣手機　竟收到自拍性愛影片
806,劉伊心結婚1年拚生女　工作操壞生不出來
807,全家營運開紅盤　第1季每股賺1.02元
808,波波維奇副手波瑞葛熬了15年　出任黃蜂隊...
809,【暴利片】一個手機門號要價上千萬　背後隱...
810,娶空姐妻又偷吃空姐　副機師賠百萬還丟房
811,【廣三槍擊案】孕婦無辜中彈變植物人　伍佰...
812,社工師公會理事長：社工執業安全  誰來捍...
813,敲外牆有咚咚聲　快檢查磁磚
814,設籍就想念名校　沒那麼簡單
815,滴滴司機涉姦殺空姐　官媒罕見發文痛批
816,李晶晶秀「愛」的收藏　錶承爸媽品味
817,還記得「王曉民」嗎？　母親過世前替女求安...
818,【特企】入主超越天母的林口 昕楽章推你一...
819,母親節起更熱　專家：下周恐飆36℃
820,太誇張！　按摩師把嬰兒當大頭公仔亂甩亂晃
821,魔術師躲IKEA衣櫥壯遊6國　網友「小資...
822,美男大腿中彈　開槍的竟是寵物犬
823,維茲奎茲飆12K　費城人苦等7年將登分區...
824,新股后國巨誕生　法人：業績高價股為多方關...
825,蔡正元：柯P道歉是龍套假戲　勝選因素已經...
826,馬德里網賽　詹詠然女雙8強3盤惜敗
827,宏達電攜輔大辦醫學營　報名秒殺這課程最夯
828,拚了！中華電推限定活動　攜碼、新辦送機票
829,兒子友人竟是《男友》！老媽心情好複雜
830,【狗仔偷拍】與小甜甜大吵後　韋汝帶他躲狗...
831,中華電推499是殺很大？　錯！算出數字遊...
832,【特企】這個母親節 媽媽再也不必襪子洗到...
833,王建民皇家隊友　38歲當上大聯盟副總裁
834,高捷凹子底站旁商業區動工　富邦壽：投報率...
835,中華電499是在賺什麼？　其實是機關算盡
836,北市河濱自行車大稻埕租借站　今暫停營業1...
837,震旦首季中國事業獲利佔6成　超越台灣
838,碩鑽今日登陸興櫃　每股價格40元
839,停路邊後保險桿凹了　原來騎士自撞惹的禍
840,慎入！音樂祭爬舞台觸電　男變人肉火球慘死
841,少子化問題難解！　現金福利加碼也沒用
842,南非清真寺遭襲　釀1死2傷
843,她性慾低落老公「自己來」　竟是因飲食清淡
844,柯P為「兩岸一家親道歉」　綠營：只是把球...
845,財部今邀行庫董總　開業務研討會
846,搶市佔　全宇-KY首季營收增5成、獲利僅...
847,台主教邀請教宗方濟各訪台　分析：恐激怒中...
848,交友不慎！老婦找閨密訴苦　竟被詐5千萬
849,四海幫幹部涉性侵被逮　高層怒！把他逐出幫...
850,芒果芭樂鳳梨為國爭光　台南採購日訂單估逾...
851,國民初戀駕到！秀智今抵台不走VIP打親民...
852,台灣民政府豪宅搜出1.3億　吸金話術曝光
853,假冒西堤母親節促銷騙個資　業者提醒留意
854,新手媽媽煩惱母乳分泌少　快找泌乳顧問諮詢
855,培育觀光人才　旅行業與學校推產學專班
856,法蘭克福書展台灣館　即起至本月底徵件
857,「要不要做那個」　女教官仲介高中生賣淫
858,新Android TV揚聲器　融合機上盒...
859,嘿咻「用手機照明」！　其實是偷錄性愛過程
860,【有片】他生涯敲3千安5百轟　53歲和獨...
861,新加坡外交部證實　「川金會」於該國舉行
862,金鶯戰績墊底　何時交易馬恰多成焦點
863,悶熱！今起3天高溫逾30℃　全台山區午後...
864,【歷史上的今天】菲律賓濫殺我廣大興漁民　...
865,【聰明買基金】抗衡全球波動　消費品牌基金...
866,五月十一日各報頭條搶先看
867,【聰明買基金】消費方式改變　投資精品基金...
868,工程車疑未固定好 　3台電包工遭2車夾擊
869,擔心暑假小朋友無處去　信誼高爾夫夏令營正...
870,美麗的誤會化做愛心　程思嘉回饋台灣高球小...
871,五月十一日財經焦點搶先看
872,女星搞不倫上床還遭監視　賣命帶生魚片刀上...
873,嚴重！零件商遭祝融　美國車王F-150全...
874,退出核協議後　美與沙國聯手制裁伊朗
875,泰女大生撞車亡　死前發文「我死了父母就發...
876,3500則俄國臉書廣告　鎖定議題干預美大...
877,部落夯客：機場就醬玩 去史基浦機場找樂子
878,用手機程式設局　IS五大頭目被捕
879,【變天片】大馬61年首度變天　92歲前首...
880,加州修法　2020年起新建房屋需裝太陽能...
881,【藍眼淚】美國加州聖地牙哥海灘浪漫奇景
882,巨型花粉風暴席捲紐澤西州　「粉塵」如煙霧
883,拾獲落巢藍鵲雛鳥　請這樣做避免「人鳥衝突...
884,北市動物之家聘行為訓練師　盼助浪浪早日找...
885,喵星人和可頌麵包躺一起　意外毫無違和感
886,上班這檔事　牠也無法招架
887,空拍機建功　澎湖縣政府逮盜採保育貝類賊
888,Ella當媽「幸運又幸福」  曬1歲勁寶...
889,【好夢片】有夢最美　牠睡到嘴開開
890,【可愛片】喵星人搶吃零食　畫面萌指數破表
891,德誼推Apple Watch LTE版優...
892,打卡分享要小心　你已經透露這些資料給駭客...
893,【勸敗片】連鎖藥妝超好色　推Kolin ...
894,【母親節快樂】Google Play特搜...
895,社工為兒保訪談家屬　竟遭親友撂人打斷牙
896,阿母的囉唆超進化　直接登上101
897,【日本茨城】在笠間工藝之丘　遇見陶藝新星
898,【日本茨城】日本only one　山路和...
899,【水戶必吃美食】不吃玫瑰的玫瑰豬　甘甜無...
900,VW兩款休旅車 5月入主9.9萬開回家
901,【日本茨城】猛男裸肌泡湯　這溫泉讓女人好...
902,【日本茨城】超魔幻火紅色毛球　世上真有這...
903,【日本茨城】比築地便宜　東京人都跑來這嗑...
904,【日本益子】超紅品牌陶器　文青都在排隊瘋...
905,什麼？行人被SUV休旅撞死機率增加了81...
906,【日本茨城】世界上最美的車站　原來懸在大...
907,【貴婦片】DJ Cookie　今晚HIG...
908,【日本茨城】滿山遍野粉蝶花　今生不看必後...
909,營建研究院長楊亦東：組改 應考量營建產業...
910,育兒最強AI攝影機開賣　每分鐘5人搶買　
911,在地居民：誰的生態社子島？
912,【茨城必吃】古民家料理　不須花俏也能打動...
913,律師潘欣榮：校長遴選爭議 台大有施力點嗎
914,【道歉動畫】與柯P結不結盟　民進黨都很痛
915,【日本茨城】笠間陶炎祭　好吃好逛超好買
916,扮小丑做愛時狠捅小男友5刀　女判囚11年...
917,女屋主要擔6成房貸嗆離婚　鄉民：果然U質...
918,【日本茨城】水府提燈　療癒人心的光線
919,吳景欽：恐龍判決又出現了嗎
920,女師和13歲男孩做愛　還秀替老公口交照給...
921,【日本茨城】憑著直覺創作　駒澤博司在作品...
922,趙少康專欄：台北市長民進黨提誰
923,【日本茨城】只因50年前撿到它　83歲阿...
924,最激情臥軌被抓包　他的眼神寫滿驚恐
925,賣手機怕資料外洩　3C達人教你怎麼做
926,【大確幸】發票兌獎2百變20萬　「哦耶」...
927,【hen差勁】老鴇教官仲介女高生　「10...
928,荷包預備備　林心如翻《名錶誌》手癢cal...
929,​05月11日
930,學遊戲「滿血復活」　痛！他切腹後又求救
931,世新白T美乳學生妹　活力秀Hip Hop...
932,呂秋遠專欄：首次輪替 大馬仍待努力的事
933,警跪地揹老婆婆過馬路　網友覺得好暖心
934,男子用床單吊死樓梯間　飯店人員嚇壞狂奔
935,「女人都該被炸死」　狠子殘忍弒母藏屍9年
936,男仲介16歲少女賣春　客人是77歲阿伯
937,【K律師論點】如何得罪老客戶　電信業者正...
938,壹傳媒創辦人黎智英和詹宏志對談　黎：人生...
939,高雄東京當日往返沒得休　長榮機組員控過勞
940,【世紀會面】川普宣布！　6月12日在新加...
941,【獨家】被爆祕婚華航機長　金友莊秀身分證...
942,黃靖倫跳舞笑壞婆媽　母親節送錢送包謝娘
943,吳克群笑穿「被拎走裝」　讚LONGCHA...
944,瑤瑤低胸倒奶認「戀人已滿」　婚紗指定透視...
945,伯爵首爾開趴　美女姊妹花打頭牌
946,悍將被獅吃死死　對戰9人不到2成打擊率
947,【越洋獨家】潘健成出手！助20名馬國學生...
948,【一人一句罵柯P】柯文哲致歉　反遭藍綠圍...
949,通膨恐懼降溫　美股道瓊漲逾百點
950,【直擊片】499之亂惹怒高資費客戶　排6...
951,打爆伍鐸關鍵　郭阜林：攻擊偏高變化球
952,黃明志「10年被捕＋舉報N次」　血淚慶祝...
953,群星慶故鄉大馬變天　光良「上帝聽到人民聲...
954,微博優酷等網站自我審查　刪逾1350萬條...
955,機師帶空姐回家被活逮　竟反告妻霸屋
956,【中職戰報】郭阜林登打點全壘打雙冠王
957,安華料下月出獄　馬哈迪：要等選舉交棒
958,【499之亂】電信員工最黑暗母親節！勞團...
959,兩馬體育聯誼賽今福州登場　馬祖百名選手爭...
960,【有片】德島揪甘心　6/9替張泰山球衣退...
961,葛仲珊即興饒舌嗆爆死侍　雷諾斯不讓女兒進...
962,王建民轉行當攝影師？紀錄片在美首映全家出...
963,【不斷更新】軍人年改完成初審　八百壯士暫...
964,【爽爆片】發票中2百變成中20萬　交大生...
965,皇宮一拖再拖　馬哈迪宣誓就職大馬新首相
966,​【獨家】109把走私槍　警：疑菲律賓執...
967,【狼爪動畫】機智女童巧妙脫逃　獨留色狼在...
968,【獨家】貨櫃走私槍彈　涉案嫌曾同手法運毒
969,統一打爆伍鐸　10比1對富邦9連勝
970,【狼狽片】109把槍走私案買主落網　2嫌...
971,【更新】國民黨歷任主席組中央助選團　競選...
972,【更新】肯亞水壩潰堤至少47死　2500...
973,【現場直擊】深入世越號殘骸　感受無聲的悲...
974,IG晚間掛點半小時　阿宅崩潰：無法看妹
975,【有片】天龍國的「穴居神話」　月租2.5...
976,全球首發一睹為快  勞斯萊斯首款SUV正...
977,【咩姊台語】超狂！視網膜亂入　成大學生會...
978,崔智友升格人妻首露臉　胸口開超低小露性感
979,南投男子茭白筍田務農　疑熱衰竭昏迷不治
980,【深入世越號】沒有回程的畢業旅行　乖學生...
981,【暖流】母精障父摔重癱 高二女受安排住校...
982,租金指數連漲40個月　逼年輕人搬出天龍國
983,【越洋有片】馬國61年來首變天　民眾「吃...
984,遭諷「不值3萬元」　側奶妹動怒告30網友
985,【深入世越號】百億船東餓死變腐屍　救人副...
986,西螺菜販停車糾紛「釘孤支」　雙雙掛彩就醫
987,EXO隊長SUHO大手筆撒錢　高級跑車隨...
988,【不恥片】仲介女高生10萬賣初夜　離譜女...
989,5月10日台灣彩券開獎號碼
990,阿里日集團結婚　馬雲要員工80年內不能離...
991,​老農津貼排富標準放寬　立院初審通過
992,【圖解新聞】世越號沉船之謎未解　邪教獻祭...
993,499搶客戰撼動版圖？　賣手機的最虧
994,雲林古箏新星　週六返鄉獻藝
995,高呼「希特勒萬歲」　17歲少年朝班上開槍...
996,【改口片】7天內可無條件換約？中華：是指...
997,小朋友新寵物！吃桑葉的「雨傘節」超酷
998,北農送菜、調薪都被批　表哥鄉長臉書力挺吳...
999,國共論壇未定　吳敦義指派曾永權出席中方海...
1000,法國小劇場設局逼刷1160歐元　花旗銀行...
1001,社工遭家屬撂人打斷牙　警火速逮5嫌
1002,壽險業獲利　富邦人壽4月居冠
1003,徵信社離職員工上傳捉姦片　判賠200萬
1004,【川震10年】「抗震小英雄」大逆轉　詐財...
1005,特斯拉再出死亡車禍釀2死　車廠：無關自駕...
1006,夫控妻虐待訴離法官不准　　因妻秀甜蜜出遊...
1007,上銀警衛好薪情　年薪上看70萬元
1008,【木瓜霞8點檔】無恥強國女坎城露好露滿　...
1009,​電信499元大戰　職安署將主動稽查勞工...
1010,【斷訊影響】民視新聞台打響《政經》王牌　...
1011,109把槍走私案　2買主落網遭押解返台
1012,【獨家】竹聯弘仁會火力強大　嫌犯父親來頭...
1013,金控雙雄獲利　富邦金4月狂贏國泰金
1014, 【深入世越號】救人英雄一直自責　4年來...
1015,男花2千3嫖40歲女　覺得吃虧要求退1千...
1016,宋智孝嘿咻還狂刷手機　申河均0「性」致找...
1017,499固盤混戰　業者將推好康拉攏老客戶
1018,涉變賣愛心物資Ａ近700萬　教養院前負責...
1019,余文樂當爸啦！初生兒比666呼應爹外號
1020,新北市府科長涉性騷女秘書　主管職遭拔
1021,【教戰片】三不一沒有　履歷不再已讀不回 
1022,【幕後】綠黨團幹部溝通「拆引信」　軍人年...
1023,張清芳揪團連7年義唱　蕭敬騰對醫護送抱
1024,奇景估Q2營收增14% 　3D感測方案今...
1025,【獨家】全台球證最貴球場　勞部判資方打壓...
1026,南投超勤津貼調至1.35萬　基層嘆：選舉...
1027,【有片】男子穿8號球衣肇逃　網友戲稱「K...
1028,嘉義市調站大搬風　快取寶案受矚目
1029,噁男局長性騷還恐嚇　慘遭女下屬烙人爆打
1030,媽媽只幫他做秀服　艾成離家14年思母落淚
1031,貝多芬《歡樂頌》送行　104歲科學家安樂...
1032,​台勝科將現金減資5成　每股退還5元
1033,網家搶聯名卡經濟　4月連續13個月雙位數...
1034,買氣進場+交屋潮　信義房屋Q1成績亮眼
1035,運將開貨車溜回家　竟告老闆沒換輪胎害車禍
1036,王建民紀錄片世界首映　不當球員想當攝影師
1037, 為了要留才　威潤發行限制型股票
1038,遭控洗錢及詐騙　民政府林志昇家中藏上億元
1039,大陸書來台須送審挨批　文化部：程序完備即...
1040,【鴨霸動畫】中國惡勢力滲透美校園　演講者...
1041,​【悲慘片】史上最慘員工旅遊！景點通通「...
1042,黃遠當眾脫剩內褲　女上男下叫床聲變B-b...
1043,立院臨會預計6月11日後召開　處理軍改等...
1044,【更新】假消息扭曲施政　政院官網澄清專區...
1045,光頭男專偷胸罩三角褲　聞夠才拿好變態
1046,民眾拒酒測寧繳錢　議員爆政府收不到逾億罰...
1047,台大後天開校務會議　聚焦是否重啟校長遴選
1048,​【川震10年】熬過震災　「豬堅強」慘變...
1049,大人也瘋世界盃貼紙　小朋友好吃驚
1050,【有片】陳偉殷先發3局失9分吞敗　生涯最...
1051,不再當「亂室佳人」　2招教你收好塑膠袋
1052,淫男硬上前女友逼復合　辯她只小聲說「不要...
1053,【世界一瞬間】軍警集體染指　護衛國家大選
1054,【坎城影展】水原希子紅毯賴著不走　俄競賽...
1055,【另類人生】她開除老闆後　隱居山林撿破爛
1056,【越洋連線】馬國選舉大解析　這些原因讓6...
1057,980萬鋼鐵人盔甲竟遭竊！網友：可能在小...
1058,解鎖冰盒新功能　牽絲起司派輕鬆get
1059,辣妹控老友開毒趴性侵　結果他人在這裡
1060,陳偉殷敲安卻被打爆　同學高國輝：對他有信...
1061,年改法案7月1日上路？　柯建銘：照程序走...
1062,灌藍高手到嘉義　蔡易餘被虧激似安西教練
1063,財政部官員遭爆　上班沒辦公揪同事打桌球
1064,現在的醫療專業 已淪落到必須靠身分證件判...
1065,299、499資費選哪個？達人：3種人不...
1066,​警員逮通緝犯報獎立即破獲　警局認定浮報...
1067,軍人年改法案初審通過　八百壯士千字聲明暫...
1068,酒駕慣犯躲入停車場　因警察這樣做判無罪
1069,男子大甲溪垂釣未歸　兒子尋獲人已溺斃
1070,【有片】賈吉敲關鍵2分砲　洋基9比6勝紅...
1071,驚險瞬間　嫌犯劫車11歲女童開門跳車
1072,【白飯殺手】麻婆豆腐鹹香味　四川醒胃菜這...
1073,迷途小鹿困湖中　好心警「水中救鹿」
1074,假冒存戶網購取貨　中信銀女行員遭解職
1075,​【咩姊台語】499之亂！取票機罷工　「...
1076,【反饋片】媽媽拿手菜換我燒　母親節孝敬靠...
1077,中華電信花蓮門市擠爆　民眾：足足等5小時
1078,洪榮宏壁咚誘師奶　愛妻陪婆婆高歌討歡心
1079,前部長罹癌烏龍　公醫院竟補槍推健檢廣告
1080,母親節前夕懇親　收容少女淚眼擁母
1081,【表態片】陳菊表態：不選台北市長　賴清德...
1082,土撥鼠闖公路塞車　警2槍擊斃！民眾痛哭
1083,讓咘咘受委屈惹罵　楊銘威代女兒道歉
1084,差點被媽媽墮胎！張柏芝聽到離婚拍手叫好
1085,這禮選得好　BV編織包 「M❤️M」愛寵...
1086,​鴻海4月營收抗跌　創歷年同期次高
1087,日A片封面審查變嚴　需加「本作品是虛構」...
1088,收容人出獄舉報　明德外役監爆貪瀆遭搜索
1089,大馬社群網站瘋傳「騎馬殺雞」　政治隱喻變...
1090,連3場開轟後　郭阜林看復仇者3感冒中彈
1091,導演為拍片籌700萬　借貸媽媽房子圓夢
1092,【有片】酒駕阿伯睡路邊　醒來7 pu p...
1093,台中港派遣工藉職務之便　2度夾帶未稅菸被...
1094,法會訂200便當遭爆放鳥　續叫百個加碼賠...
1095,【老司機開車】童仲彥公開萬華茶室春宮片 ...
1096,台企銀交換債　兆豐出清27萬張
1097,【壹週刊】只靠Apple Watch S...
1098,雲林校外教學爆弊案　國中校長喝花酒遭收押
1099,鐵道迷怒被耍！　郵輪列車訂票網出包要重搶...
1100,【有片】行動支付詐遊戲玩家　賣天堂M寶物...
1101,親情飛越高牆　收容人與家人懇親會擁抱淚流
1102,【壹週刊】〈有夠機車1〉大學瘋創業 他成...
1103,【有片】柯P力挺連任總統釋善意　蔡英文：...
1104,資深盲眼歌手求復出　穩交小5歲女友不婚
1105,「千年一遇」空姐飯票Get！洩銷魂曲線報...
1106,林靖凱投打二刀流　桃園青棒王貞治盃封王
1107,這裡有洋蔥　新安東京海上採購逾6噸挺農民
1108,珍惜資源　卓永財：水電費應適度調漲
1109,全國大學生B2B跨境電商競賽出爐　鍋燒王...
1110,舒淇寶格麗上手秀「萌」樣　唐嫣筷子腿隔空...
1111,有負面新聞　列防洗錢高風險客戶
1112,【調查片】檢調搜索台灣民政府　帶回數十箱...
1113,【不斷更新片】李嘉誠退休後年領19K　「...
1114,【怒控片】涉詐欺和洗錢　桃檢搜索台灣民政...
1115,美退出核協議後　以色列.伊朗互射飛彈
1116,北市府官網播出賴揆功德說KUSO圖　綠議...
1117,單親媽學烘培獨養2子　勇敢逐夢獲選自強母...
1118,女女婚歡慶2周年　女歌手曬婚戒示愛大12...
1119,記得要繳稅　僅六分之一完成所得稅申報
1120,「穴居屋」當住宅？　建管處有意見
1121,一分鐘用頭撞破51顆西瓜　可望創世界紀錄
1122,【有片】手寫信爆料低調懇親　張錫銘現在長...
1123,馬哈迪支持者放爆竹慶祝　當局出動水柱驅散
1124,自食惡果！詐騙車手拿200萬假鈔被逮
1125,蘭嶼貯存場回饋金遭疑沒發　台電：每年都發
1126,最新羽球世界排名　戴資穎生涯74周球后達...
1127,為兩岸一家親道歉　柯P：因有人聽到會抓狂...
1128,心疼大S流產　侯佩岑「給她正能量」
1129,男自切兩指丟馬桶　於公寓內激動裸奔
1130,【罷工片】電信大戰延燒台東　民眾搶辦門號...
1131,【森77片】中華電499方案第2天　用戶...
1132,雙營運動能帶動　聯發科4月營收年增7%
1133,【過勞片】爆搶499吃到飽方案　中華電信...
1134,澎湖民安四號演練　全面搶救海難客船
1135,台灣水利產業夯　「黑水變藍金」南向行銷
1136,民眾、社區 玩不起體制內的都市計畫遊戲嗎...
1137,股市大活絡　前4月證交稅創7年同期新高
1138,【年漲8倍動畫】這家台廠股價狂飆　外資嘆...
1139,大塚愛曾想效法安室封麥　8月襲台慶15周...
1140,日皇接見李克強　稱希望增進兩國友好
1141,【起底李嘉誠】他坐擁逾兆元財富　背景報你...
1142,急貶後反彈　台幣匯率升5.6分收29.8...
1143,警設計自製卡片　母親節婦幼隊陪你過
1144,499之亂打爆　台灣大客服專線掛了
1145,遺體化妝師租不到房子　同行哭！被嫌「屍臭...
1146,暖熱天氣持續1周　高溫飆34℃注意防曬
1147,109把槍走私案2買主落網　警：還有更大...
1148,高資費老客戶怒求償　消保處：業者要配套
1149,​​【499申辦攻略】如何快速搶辦　3招...
1150,日薪291元沒對強國人一直笑　迎賓美眉被...
1151,租屋半年被追20萬電費　台電竟嗆「告我們...
1152,提前慶祝母親節　竹縣府送女員工公益禮盒
1153,​簽約7天內可解約？　中華電：沒這回事
1154,【李家的城到底多大！​】一表秒懂李嘉誠事...
1155,【挨罵片】柯文哲「兩岸一家親」道歉反覆　...
1156,強尼戴普秀野性man味　賣弄曠野男人香
1157,捐北投老宅蓋門諾長照大樓　李宗盛感性訴母...
1158,【釋放片】川普親迎遭北韓囚禁3人質返美　...
1159,499吃到飽太搶手　穿梭各門市抽號「先到...
1160,體育署促重新參選登記　足協估7/6改選
1161,超爆笑！網友拿大師漫畫套「499之亂」無...
1162,出版陸書須送審　藍諷：不到台灣不知文革還...
1163,陸瘋醫美　玻尿酸廠科妍Q1獲利寫新高
1164,趁歐盟黃牌未除 讓台灣漁業重新出發
1165,柯P為兩岸言論致歉被罵慘　陳景峻：效果好
1166,這些有夠慘！　4大類冏店面買到套到
1167,反龍崎掩埋場　里長義賣外星人T恤錄單曲引...
1168,亞運倒數百日國訓誓師　郭婞淳可愛NG
1169,結合日韓格鬥天團　猛龍過江綜合格鬥賽7月...
1170,【笑Cry片】放屁我最大　嗯哼逼媽媽避難
1171,好暖心　愛心粽疊出12座101
1172,考試院通過　縣市公務員職等比照六都　
1173,​取消「做1給4」　3月加班費仍增10%
1174,【有片】屁孩惡整烏龜引公憤　悔稱「一時玩...
1175,李易煮雞擄獲師奶心　胖10公斤嚷「職業傷...
1176,他走過地就濕　顯微淋巴接靜脈術改變人生
1177,營建五虎將4月表現　興富發列虎首
1178,黃崇仁不氣餒　拼了老命讓力晶浴火重生
1179,帝寶名人開保時捷傷騎士　竟回馬槍反告誹謗
1180,雪碧露暈了！ 爆乳人魚賺皮肉錢「不都喜歡...
1181,​力晶2020年上市　本益比要向台積電看...
1182,年輕空姐搭「滴滴車」遭殺害　司機潛逃中
1183,矇眼塞青蛙裝棄屍曾文溪　惡男殺友囚終身
1184,上銀首季獲利年增逾3倍　將辦1200萬股...
1185,【防癌片】母親節送禮　送這個可能可以救她...
1186,竊車連栽同警手　「該收手了吧」
1187,港片綠葉「米奇」病逝　臨終前淒涼認不得人
1188,馬國變天　中信金重啟併購案評估
1189,母親節前夕獻愛　李宗盛捐售北投老厝
1190,製毒工廠藏鐵皮屋　新北市府今強制拆除
1191,MONCLER天才計畫　8大品牌聯手造反
1192,解放軍2035年完成軍事現代化　陳永康：...
1193,零錢捐助罕病兒　侯佩岑籲：到全聯投愛心
1194,【有片】塞爾提克擊敗76人晉級　東區決賽...
1195,【499之亂心酸錄】沒帶這2樣東西就白去...
1196,八三夭催悲MV出爐　小橘感性噴淚
1197,【坎城亂象】強國女無恥度露車頭燈　山寨凱...
1198,酒後旅館發飆　警到場查獲槍彈移送法辦
1199,法國影后產後瘦回來　香肩鎖骨烘托野性美
1200,涉假發票A公款　中州科大董座吐繳1500...
1201,App當機！叫號機燒掉！他說499之亂看...
1202,【499之亂】塞爆700店難延長營業　中...
1203,【有片】鄉民中華電499元排隊實錄　看完...
1204,他去遠傳辦499　喊「4個字」再爽折15...
1205,外送電商業務加持　雅茗-KY首季每股賺1...
1206,阿祖顧孫暫離　2歲童浴缸溺水低溫療法搶救
1207,小英政府要求加薪　造船公會：我們都活不了...
1208,「看你們中國人用不用逼的」　強國客驚嚇曼...
1209,不用擠破頭　這邊辦中華電信499免排隊
1210,《都更條例》協商完成　花敬群盼本會期完成...
1211,擠爆！多處門市百人等辦中華電信499方案
1212,蘇祈麟操槍神技獲肯定　蔡英文：你是台灣之...
1213,推翻大馬執政60年聯盟　馬哈迪將成最年長...
1214,違約照衝！陳仙梅加入499之亂　耗4小時...
1215,蘇祈麟笑稱以為會奪冠　盼國慶「不要Sol...
1216,救國團控陳金德「土霸主」：公然搶奪民產！
1217,寫詩作畫與死神周旋　女作家抗癌10年出新...
1218,股民笑了　股利擬放寬每季、每半年分配1次
1219,別再搶啦！網紅預言　499後續還有這些專...
1220,【軍人年改】離婚配偶可請求退休金　退輔會...
1221,​衛福部放寬「隔空看診」　明正式上路
1222,【有片】425立法院前施暴　吳斯懷等4人...
1223,【消費王】沒錢買母親節禮物　辦門號送家電
1224,臘腸狗路上迷途　警送動保處找尋飼主
1225,【消費王】讓媽媽在家「ㄟ桑」　空氣清淨機...
1226,雄獅首季獲利年增24%　三箭齊發全年可望...
1227,​玩創意喚回記憶　失智老人用黏土做蛋糕慶...
1228,學偶像劇台上激吻女同學　啪！他結局超悲劇
1229,做夢用什麼語言 就該用什麼語言寫作
1230,女主播搶換499實測　7 pupu凌晨叩...
1231,【有片】北市酒店疑遭尋仇　惡煞開槍、丟信...
1232,藍批刁難核食公投　中選會：避免通過後變「...
1233,持比特幣買160萬毒品　男星吸大麻判刑8...
1234,離婚再婚又死老公　媽拼經濟淪藥頭
1235,7旬阿伯遭老梗詐騙　250萬退休金險飛
1236,崔佩儀遭狠父趕出門　寧要飯也不跟他要錢
1237,石門水庫酋長石露出　旱象線民眾節約用水
1238,對流旺盛　台南、高雄5縣市大雨特報
1239,​熟女吃超清淡　竟夜盲、不想「炒飯」
1240,中信金：央行不排除下半年升息
1241,老師體罰害補習班倒閉？　真相讓你想不到
1242,【吐槽片】中國施壓矮化台灣　美脫口秀嘲諷...
1243,毒趴完太嗨　開車「蛇」在機車道被逮
1244,招聯會推先修課程　進入47所大學可抵學分
1245,柯P為「兩岸一家親」惹人不悅道歉　綠里長...
1246,民視明凌晨斷訊危機解除！凱擘已拿到臨時授...
1247,凱擘百萬用戶不斷訊　獲民視授權延至5月2...
1248,馬來西亞旅外學子　有1.7萬人在台灣
1249,加碼投資台灣　​力晶黃崇仁：將斥資3千億...
1250,柯P為兩岸一家親道歉　朱立倫：感慨
1251,女指控酒後遭2男「輪上」　調查結果還2人...
1252,傳說中的鵰王現身　他一站起「絕對超過30...
1253,【有片】陳金德批救國團「盜國團」　今改游...
1254,陽明海運遭拔「優質企業」還罰4千萬　全因...
1255,范冰冰坎城72變　少女回眸照美哭網友
1256,不捨菜農血汗變肥料　白衣天使收購高麗菜
1257,【報應片】神明面前搶香客　搶匪逃逸終被捕
1258,促銷檔期帶動　富邦媒4月營收大增26%創...
1259,超萌小狗卻不吃狗糧　養了半年才驚覺是狐狸
1260,轉任顧問年薪19K！李嘉誠：比最低工資還...
1261,大馬變天　台商：民心思變.盼台馬交流更密...
1262,​吳音寧送菜回鄉惹議　農委會：處理可更細...
1263,山難求救難題有解！北科大學生奪iF新秀獎
1264,​力晶董座：上市只是永續經營過程之一
1265,​農保納職災給付　立委批定義不明
1266,台大教授：台大校長遴選爭議的媒體亂象
1267,【499之亂】　嘉義中華電信塞爆　民眾要...
1268,【注意】月租2699盤子？　499吃到飽...
1269,超人也怕貿易戰　李嘉誠：不能說沒影響
1270,【有片】強力磁鐵隔空吸出來　男專偷娃娃機...
1271,深澳電廠環差案過關　朱立倫：不幸
1272,【慎入】爆乳女大生炫富　遭變態男狠刺70...
1273,中信金法說登場　首季大賺逾122億元
1274,不甩資費戰！LINE MOBILE繼續這...
1275,經濟部將公布油價緩漲機制　下周一正式上路
1276,深澳電廠新北擬提行政訴訟　侯友宜：支持
1277,【川震10年】強震奪近7萬性命　豆腐渣釀...
1278, 足感心！騎士雨中摔車　熱心民眾撐傘救援
1279,敬鵬大火2移工罹難　桃勞動局確認為「職災...
1280,矽谷創業家批：《公司法》修法非萬靈丹
1281,政院通過《原復條例》　段宜康免辭立委了
1282,媽媽的真心話　5成「房子登記在我名下」
1283,類華廈！　配備「神器」讓別墅長高高
1284,北市托育辦公室開辦新業務　可臨時「寄小孩...
1285,半年吸金8.8億　「必贏集團」7嫌判重刑
1286,鈊象手遊和機台雙成長　今年將賺1.5個股...
1287,為8千元債務　男撂人砍斷債主腳筋
1288,超人12歲工作到89歲　小股東打101分
1289,425衝立法院施暴　黃冬輝：個人行為
1290,亞運倒數百日　射箭以賽代訓團隊氣氛佳
1291,大馬「變天」　旅行業者：不影響觀光
1292,有夠台～捕獲野生龜梨和也　騎機車零星味
1293,【李嘉誠的繼承者們】最強老爸砸40億　贖...
1294,【超人退休片】長子接班　李嘉誠一早做這件...
1295,「最貪女課員」收佣無罪惹議　高院Q&A說...
1296,喜新厭舊省荷包　買Apple Watch...
1297,電信第一線人員怒吼了！「去X媽的499」
1298,北台5大新興重劃區　建商推案最衝這區
1299,499讓教授也瘋狂！號碼牌卻讓她嘆「命不...
1300,【全紀錄】MLB14場比賽戰果　紅人杜瓦...
1301,喜宴蟑螂不只白吃白喝　還拿刀嚇房東
1302,安心亞戀上大叔！ 倒追被打槍「沒再跟我聯...
1303,​【實測】排隊狂潮再現　這家門市等候數破...
1304,​美女人氣實況主站台　WD全新SSD獲好...
1305,【柯P道歉】沈富雄罵：近世政客最厚顏無恥...
1306,台股收10760點　漲56點
1307,南臺灣客運27司機離職　民怨脫班等嘸車
1308,499吃到飽大混戰　公平會：沒有聯合行為
1309,台大生闖女廁偷拍女同學　竟稱：功課壓力大
1310,​台虎阪神台灣日　6/3揮棒登場
1311,指侵13歲國中女生　客運司機重判4年
1312,香奈兒軟呢化身水手裝　巴黎漢堡工坊系列瀟...
1313,5月9日恐怖巧合　亞洲3國大選都變天
1314,​男揪女泡湯被妻活逮　驗無可疑斑跡不起訴
1315,【變身片】錢幣社變身咖啡廳　好有日本風
1316,質疑尹衍樑涉浩鼎案　名嘴挨告不起訴
1317,蘋果高階手機賣不好　台積4月營收月減逾2...
1318,政院今通過修正草案　不配合核災演習開罰
1319,爆漿！巧克力車翻覆　甜蜜濃郁變噩夢一場
1320,深澳電廠2根煙囪污染大　葉毓蘭發文反對
1321,油價恐再大漲！下周汽、柴油估漲0.5元
1322,斥資30億　秀泰於樹林打造新複合商場
1323,【川震10年】獲救先要喝可樂　「可樂男孩...
1324,​高雄輕軌停工 學者建議採這方式解開爭議
1325,【有片～超人退休】股東會爆滿　李嘉誠受英...
1326,國宴西瓜行情佳　花警啟動「護瓜專案」
1327,​退休族青睞　永豐全球多元入息基金募集創...
1328,連號碼牌機都燒壞！　民怨服務一團亂
1329,【499之亂】不離不棄被當北七　她說職場...
1330,壁紙壁貼不一樣　這樣區別就懂了
1331,雅典經典陀飛輪錶好大膽　撞色微繪求突破
1332,《蘋果》美食專題【葳！你吃了沒】熱騰騰預...
1333,【更新】被罵是狗不舒服　段宜康：柯文哲怎...
1334,向傑出編舞家致敬　林懷民獲英音樂舞蹈學院...
1335,【報你知】爭論台灣價值　柯文哲曾暗酸段宜...
1336,驚喜！醫院附幼孩子獻花　護理師感動落淚
1337,​【拍賣會直擊片】這幅雛妓畫作遇到他　身...
1338,499還不夠殺！　亞太宣布加送Apple...
1339,【一定要聽】谷歌AI語音助理訂餐廳　沒人...
1340,豪門夢碎降價拍片搶錢？　徐若瑄還原始末
1341,游鴻明買貴千萬元　南港豪宅下跌案例多
1342, 【壹週刊】〈斬大逃脫4〉王令麟最神！入...
1343,「賺外快月入十萬」　陸團領隊來台兼差回不...
1344,【壹週刊】〈斬大逃脫3〉警方盯上要命小方...
1345,【壹週刊】〈斬大逃脫2〉要命小方一家都嗆...
1346,【柯P道歉】呂秀蓮：終於覺悟準備繳械投降...
1347,【壹週刊】〈斬大逃脫1〉要命小方爆獄中劫...
1348,TBC再遞橄欖枝　「已具函再邀民視明協商...
1349,​記錯停車點以為遭竊　警耐心分析幫尋回 ...
1350,【意外片】老翁墜樓頭破亡　警調查原因中
1351,柯文哲道歉　連勝文：把自己說過的話當垃圾
1352,【有片】投出生涯最慘一役　陳偉殷：「我負...
1353,7隻山老鼠盜伐扁柏　每人恐判罰逾3900...
1354,曾之喬戴帽獻寶　穿「太兇」！網友全歪樓
1355,胡采蘋：政黨輪替之後 才是真正的麻煩開始
1356,搶中華電499吃到飽　這家電信被跳槽惹
1357,寶寶暈了～42歲女星懷二胎拗來拗去
1358,與有機農共耕共學　聖約翰師生助小農行銷
1359,亞馬遜跨界再開　進軍房地產研發智慧家居　
1360,【有片】不滿美國軍火商壓榨台灣　抗議團體...
1361,性感女星癌症轉移　摘子宮追加治療「想看兒...
1362,翻臉政敵再合作　馬哈迪：將著手特赦安華
1363,民進黨推限量100瓶特調香水　有族群融合...
1364,外教重質不重量　複合弓裝備、觀念大突破
1365,媽祖生日繞境還罵警察　再道歉也來不及
1366,宜蘭5千戶上午停電　台電：電纜遭車輛勾損
1367,蔡啟芳嗆：禮讓柯P就選嘉市長　蔡易餘：我...
1368,【撇步片】中華電499元免排隊密技　《蘋...
1369,​馬來西亞60年首度政黨輪替　藍委：可當...
1370,【菜市場政治學】馬來西亞變天，7個你該了...
1371,法系軍靴對抗梅雨季　新防水靴好色hen促...
1372,男童腦出血2度送醫　祖母和父母過失傷害遭...
1373,​車燈壞了又不修　毒蟲扮小資男被逮 
1374,修油管不慎起火　小怪手燒半毀
1375,手作超狂母親節禮物　網友：還好媽媽不是喜...
1376,「兩岸一家親」立場搖擺？柯Ｐ：我從頭到尾...
1377,【一窩瘋】中華電吃到飽之亂　號碼牌真的掛...
1378,娃娃機店撿走婦人包　男辯：不交給警察是嫌...
1379,7旬翁買中餐忘記回家路　熱心警助返家
1380,​藝桐賞花　周六到「安坑綠寶石」踏青去
1381,​【一日醫蘋果】眼球操無效　閉眼秒放鬆
1382,搶辦499吃到飽　中華電信門市出現排隊潮
1383,【演很大】離譜老爸酒駕撞安全島　竟栽贓兒...
1384,【川震10年】深情「背妻男」已迎來第3春
1385,​不帶大砲就可賞鳥　坪林拱橋鷺鷥讓你看個...
1386,弒母未遂判1年　狂男出獄再搶豬肉攤   
1387,不滿柯P硬拗「兩岸一家親」　孫大千罵：跟...
1388,奧斯卡女導演執導　用兩代人看南京大屠殺
1389,她為了小孩請求封死露台　主委左右為難
1390,499之亂全台系統當機？遠傳：下班尖峰較...
1391,破爛不是理由　超強報廢飛車特技
1392,舌尖上新零售　阿里巴巴推無人智慧餐廳
1393,【超人退休】李嘉誠說他停不下來　「還有很...
1394,【有片】不再是維和部隊　這次詐騙假冒無國...
1395,果粉崩潰！蘋果暗示未來iPhone都有瀏...
1396,​達爾財報亮眼　敦南同步沾光業外吃補
1397,轟柯P這句話「投機」　蔻蔻姐：政治生命已...
1398,政院修法禁退伍軍人領雙薪防肥貓　藍委譏：...
1399,達美航空機內冒煙　逾150人緊急疏散
1400,【台股盤中】類股輪動速度快　切勿追高殺低
1401,《鋼鐵人》盔甲遭竊　洛杉磯警方調查中
1402,BMW深耕南台灣　6.5億打造全新高雄展...
1403,「你兒子被綁票」　退休公務員險被老梗詐騙
1404,【寶靈解析】牡羊釐清方向　天蠍靜觀其變
1405,疑車輛勾斷電纜線　羅東5千戶停電快2小時
1406,核二2號機急停檢討報告　原能會估6月初審...
1407,499吃到飽！老客戶怒：拎北才續1399...
1408,溫度逐日回升　彭啟明：月底前無典型梅雨鋒...
1409,【圖輯】全台陷499之亂！比搶衛生紙還瘋...
1410,崔敏煥認「即將當爸」　10月辦婚禮娶孩子...
1411,中華電信推499吃到飽方案　連立院也現瘋...
1412,跟進蘋果　Google Pay推數位門票...
1413,美時4月營收衰退1成　仍看好Q3旺季效應
1414,【好康片】免費送1萬張百元7-11商品卡...
1415,​翻覆沉沒4年多　韓今起扶正「世越號」船...
1416,【更新】川普哪裡見金正恩？　新加坡呼聲最...
1417,【奶奶片】哀求雪乳妹露真面目　「無碼照」...
1418,誤解友人辱母打架　莽男辱罵抓傷警遭法辦
1419,​侯友宜跑宜蘭反深澳電廠　陳金德用一句俗...
1420,跑趴前敷面膜是王道～白雪公主自揭用這款
1421,遭疑台電「強力後盾」　原能會：督促是職責
1422,核廢草案預告了卻悄撤　原能會：非自打嘴巴
1423,【超玻璃心】彩繪牛塑像繪台灣國旗　中國竟...
1424,AI洗面鏡強國大流行　台灣竟不准引進
1425,【回憶片】雲林50年冰果室　封存半世紀老...
1426,鈴木一朗趣聞　誰是湯姆布雷迪？
1427,中國客拒結帳與越南員工鬥毆　越南認錯了
1428,499吃到飽　違約金要1萬多元仍有人搶辦
1429,出現山寨版App?　基富通：勿遭混淆下載
1430,中梵復交生變？　傳中國暫緩雙方協議
1431,正崴3合一　勁永一度跌停
1432,超模米蘭達誕下億萬繼承人　帥尪喜抱兒
1433,iOS 11.4據傳7天沒用就只剩這功能
1434,涉非法集資3千億　鄧小平前外孫女婿吳小暉...
1435,偷洋酒變賣換現金　男將便利商店當提款機
1436,司機的話當耳邊風！他搭公車偷吃　垃圾丟滿...
1437,為何大馬藝人一堆藍手指？　原來有意義
1438,追平轟、再見轟都是他　遊騎兵馬扎拉當英雄
1439,蠢到自爆！小三抓姦江宏恩劈小四　正宮高宇...
1440,空污影響健康　賴清德：汽機車比火力發電嚴...
1441,量販、超市賣母親節蛋糕　這些口味最搶手
1442,就愛在家喝一杯　全聯去年啤酒賣破9千萬罐
1443,「假新聞工作超時囉」　川普嗆想奪採訪證
1444,【文青片】搶先直擊！首家森林系購物城新北...
1445,【輪替片】扳倒60年執政黨　92歲前首相...
1446,溫度升高降水少　鄭明典：用電調度要注意
1447,水電工酒駕肇事釀3傷　醉男竟說「我才喝4...
1448,傻眼！元大鑽金卡請客服管控仍被盜刷
1449,楊謹華大轉性　《名錶誌》錶現女人味
1450,馮世寬傳罹癌治療　嚴德發否認：一切安好
1451,做什麼都很「驢」　墨國小鎮為牠們辦感謝祭
1452,西區決賽勇士戰火箭　平均門票近3萬破紀錄
1453,【李嘉誠的繼承者們2】香港第1媳婦多年無...
1454,雙品牌市佔率擴大　詩肯首季EPS創近3年...
1455,鄉民的正義！　公車癡漢遭集體巴頭噴血
1456,【有片】「八百壯士」再集結立院　不坐視錯...
1457,為何直播崩潰？劉喬安：我寂寞了悶得慌！
1458,【軍人年改】藍委不滿綠委坐官員位　一早就...
1459,台幣進入楊總裁時代　老謝：匯率更具彈性
1460,柯爾6局飆9K　太空人4比1逆轉勝運動家
1461,雞排妹裸Ｅ奶挺大馬選舉　大馬民眾留言感謝
1462,貸款難貸　這10件事讓你購屋降壓
1463,她控「X光傷腦害減壽」求償千萬　名醫批搶...
1464,【李嘉誠的繼承者們4】老爸給錢他神操作　...
1465,劉黎兒專欄：AV女優這才真正成為A片女主...
1466,【獨家】林美貞拒再嫁孫興　妙手服務小男人
1467,緊盯桃機滑行道工程　交長：提前半年完工
1468,遭嗆紅色勢力惡搞　TBC回應斷訊：無奈
1469,日本「羽球戰爭」動漫片　竟有世界球后角色
1470,柯P為「兩岸一家親」道歉　段宜康神解他目...
1471,女童遊動物園　慘遭袋鼠攻擊咬爛耳朵
1472,展店效益顯現　佐登-KY首季盈餘創新高
1473,【特企】超可愛的「獨角獸夢想車」 台北巡...
1474,驚醒失眠非卡到陰　中醫也能治心律不整
1475,斷開過去！陳詩欣PO「藏頭詩」這樣回應尪
1476,車停妥走下田工作　瞬間車變火球
1477,不爽妻子不尊重他　韓裔教授殺妻再縱火燒屋
1478,LV駕太空艙　《APPLE FASHIO...
1479,馬來西亞終變天　黃明志激動「睡不著」
1480,影片匯集業務擴增　百聿4月營收大增86%
1481,要面子！　金正恩：川普請求我放了美國人
1482,北市6河濱塗鴉牆隨便畫　政治、不雅文字除...
1483,230元包場《復仇者3》　網友回應毛毛d...
1484,馬德里網球賽　台灣女雙詹詠然攜手瑪特珂晉...
1485,母親節大餐換口味　吃鍋滿千送肉盤給媽媽 
1486,【狗仔偷拍】湘瑩孕婦裝哈菸陪吃　中年男護...
1487,李宇春趕潮　踩Onitsuka Tige...
1488,【實測片】 Apple Watch LT...
1489,【秀肌肉片】反制共機繞台　國軍下月將在巴...
1490,拉家人、同事「壹起省」　亞太電吃到飽39...
1491,搶先測！光Apple手錶　4大通訊軟體可...
1492,孫燕姿坦言糟糕父母！　怒飆兒「你死掉我也...
1493,從北韓獲釋　美3人質發聲明感謝川普
1494,被爆20萬接演《紅衣》　徐若瑄怒了！喊告
1495,不友善！　13%女醫師被要求「不能懷孕」
1496,毋通喔～　哭笑不得的社區公告　
1497,遊戲機展今登場　鈊象大規模展出35款遊戲...
1498,柯P為「兩岸一家親」道歉　藍估：民進黨禮...
1499,鋒面掰了！南部防午後強降雨　西半部高溫探...
