,answer,question
0,符合須前置協商或調解之債務人，未經前置協商或調解不成立，不可逕向法院聲請更生或清算程序。,債務人可否不經前置協商或調解，直接聲請更生或清算？
1,消費者債務清理條例所規定的清理程序有兩種，一為「更生程序」，一為「清算程序」。債務人如對銀行、信用合作社等金融機構積欠債務，如欠卡債、信用借款、房貸等，在向法院聲請更生或清算前，必須先和債權人進行協商或調解（稱之為前置協商或調解），如果協商或調解成立就可以不必利用本條例的更生或清算程序，如果不成立，才可以聲請更生或清算。當然，如果債務人的債權人之中，沒有任何一個是金融機構，就可以不用經過協商或調解程序，而可以直接向法院聲請更生或清算。,消費者債務清理條例所規定的清理程序有哪幾種？是不是要先和銀行協商或調解後才可以利用該條例清理債務？
2,司法院主管之單位預算計有司法院、最高法院、最高行政法院、臺北高等行政法院、臺中高等行政法院、高雄高等行政法院、公務員懲戒委員會、法官學院、智慧財產法院、臺灣高等法院、臺灣高等法院臺中分院、臺灣高等法院臺南分院、臺灣高等法院高雄分院、臺灣高等法院花蓮分院、臺灣臺北地方法院、臺灣士林地方法院、臺灣新北地方法院、臺灣桃園地方法院、臺灣新竹地方法院、臺灣苗栗地方法院、臺灣臺中地方法院、臺灣南投地方法院、臺灣彰化地方法院、臺灣雲林地方法院、臺灣嘉義地方法院、臺灣臺南地方法院、臺灣高雄地方法院、臺灣橋頭地方法院、臺灣屏東地方法院、臺灣臺東地方法院、臺灣花蓮地方法院、臺灣宜蘭地方法院、臺灣基隆地方法院、臺灣澎湖地方法院、臺灣高雄少年及家事法院、福建高等法院金門分院、福建金門地方法院、福建連江地方法院等 38 機關。,司法院主管下有幾個單位預算？
3,如何聲請支付命令？  如何聲請支付命令 一、何種情形可以聲請支付命令？ 債權人對債務人的請求，如果是請求給付一定數量的金錢（如新臺幣10萬元）、可代替物（如上等蓬萊米100公斤）或有價證券（如臺灣水泥股份有限公司發行之普通股每股面額新臺幣10元1000股的股票1張），可請求法院對債務人發支付命令，督促債務人在收到支付命令後20日內，向債權人清償並賠償程序費用。此種請求方法較訴訟程序簡便、迅速、省費。 小叮嚀 如果債權人應為對待給付而尚未履行或須於外國為送達或公示送達時，不得聲請發支付命令。  二、如何聲請支付命令？ （一）使用司法狀紙，繕寫支付命令聲請狀。 （二）聲請狀內應表明下列各款事項： 　１、雙方當事人及法定代理人姓名、住所。 　２、請求的標的及其數量。 　３、請求的原因及事實及釋明請求之證據。其有對待給者，已履行之情形。 　４、表明請求發給支付命令。 　５、法院（應向債務人住所地、法人主事務所或營業所所在地之法院聲   請）。 （三）應按債務人人數附具聲請狀繕本。 （四）每件應繳聲請費新臺幣500元。  小叮嚀 法院依書面審理支付命令，不會通知債務人開庭。  三、支付命令的效力如何？ （一）支付命令應送達給債務人，如果發支付命令後，3個月內不能送達給  債務人時，支付命令失其效力。 （二）債務人接到支付命令後，可在20日內向發支付命令的法院提出異議，不必附理由，支付命令於異議範圍內失其效力。此時，法院即按起訴或聲請調解程序處理。 （三）債務人對於支付命令未於法定期間合法提出異議者，支付命令得為執 行名義。 小叮嚀 對支付命令異議，不必陳述任何理由，只要將不同意支付的意思表示向法院提出即可。  終極叮嚀 債務人未於收受支付命令之日起20日內提出異議，支付命令僅得為執行名義，而無與確定判決有同一之效力，債務人主張支付命令上所記載債權不存在者，得提起確認債權不存在之訴或債務人異議之訴。,如何聲請支付命令？
4,"提起行政訴訟後，如果沒辦法親自到法院，或是不懂法律想委任代理人為訴訟行為，依行政訴訟法規定，原則上應委任律師為訴訟代理人，每一個當事人最多可以委任3個訴訟代理人。 如果不是律師，但有下列情形之一，經審判長許可後，也可以為訴訟代理人：
稅務行政事件，有會計師資格。 
專利行政事件，有專利師資格或依法得為專利代理人。 
當事人為公法人、行政機關或公法上的非法人團體，其所屬專任人員辦理法制、法務、訴願或訴訟相關業務的人。 
交通裁決事件，原告為自然人時，其配偶、三親等內之血親或二親等內之姻親；原告為法人或非法人團體時，其所屬人員辦理與訴訟事件相關業務。 (參照行政訴訟法第49條)",提起行政訴訟後，可以委任他人為訴訟行為嗎？有無資格限制？
5,管轄的法院：原受理提存事件的法院。 取回之原因： 依提存法第18條第1項各款規定。依提存法第17條第1項各款規定。依提存法第10條第3項規定。聲請書類及應備文件： 填寫取回提存物聲請書一式兩份，並蓋用提存人辦理提存時同一印章或為同式之簽名。如印章不同或其他必要情形時，並應提出印鑑證明。 原提存書；如提存時遺失者，應為公告，其期間為20日，其取回金額逾新臺幣3萬元者，並檢附至少登載1日之新聞紙存卷。取回原因之證明文件：依其原因，分別提出下列證明文件： Ⅰ假執行之本案判決已全部勝訴確定者，應提出各審裁判書正本或影本及確定證明書。 Ⅱ因免為假執行而預供擔保或將請求標的物提存，其假執行之宣告全部失效者，應提出宣告假執行全部失效之裁判書正本或影本。 Ⅲ假扣押、假處分、假執行經裁判後未聲請執行，或於執行程序實施前撤回執行之聲請者，應提出法院民事執行處發給之未聲請執行證明、撤回執行證明原本或強制執行撤回筆錄影本。 Ⅳ因免為假扣押、假處分、假執行預供擔保，裁判後未聲請執行，或於執行程序實施前撤回執行之聲請者，應提出法院民事執行處發給之未聲請執行證明、撤回執行證明原本或強制執行撤回筆錄影本。 Ⅴ假扣押、假處分所保全之請求，其本案訴訟已獲全部勝訴判決確定。其請求取得與確定判決有同一效力者。全部勝訴判決確定應提出各審裁判書之正本或影本及確定證明書；與確定判決有同一之效力應提出支付命令及確定證明書、和解筆錄、調解筆錄、經法院核定之鄉鎮市調解委員會調解書、仲裁判斷書或其他與確定判決有同一效力之文書。但支付命令以中華民國104年7月2日以前確定者為限。 Ⅵ假執行、假扣押或假處分所保全之請求，其本案訴訟經和解或調解成立，受擔保利益人應負部分給付義務而對提存物之權利聲明不予保留者，應提出和解筆錄、調解筆錄或調解書。 Ⅶ依法令提供擔保停止強制執行，其本案訴訟已獲全部勝訴判決確定者，應提出各審裁判書正本或影本及確定證明書。 Ⅷ受擔保利益人於法官或提存所主任前表明同意返還，經記明筆錄者，應提出筆錄影本。 Ⅸ擔保提存出於錯誤或依其他法律之規定，經法院裁定返還確定者，應提出法院裁定書正本或影本及確定證明書。 Ⅹ因提存程式不合規定或不應提存，經提存所通知取回提存物者，應提出提存所之通知書及未依提存之效果行使權利或雖行使權利而已回復原狀之證明。 ⅩⅠ清償提存出於錯誤、提存之原因已消滅者，應提出相當確定之證明。 ⅩⅡ清償提存之受取權人同意返還提存物者，應提出受取權人出具之同意書及其印鑑證明，如為法人或其他團體者，並應提出法人或團體證明文件及其代表人或管理人身分證明文件，或提存人偕同受取權人攜帶國民身分證到提存所製作同意之筆錄。領取手續：聲請人應攜帶國民身分證 (必要時應提正、背面影本2份附卷) 及印章(取回提存物之聲請人應攜帶提存時所用之同一印章），領取前項「代存單」或「寄存證」，並在其上簽名、蓋章，持向當地代理國庫之銀行或指定保管提存物之處所具領。 聲請取回提存物的期限： 清償提存之提存人聲請取回提存物，應自提存之翌日起10年內為之，逾期其提存物屬於國庫。 擔保提存之提存人聲請取回提存物，應於供擔保之原因消滅後10年內為之，逾期其提存物屬於國庫。 因提存程式不合規定或不應提存，經提存所通知取回提存物，應自提存所命取回處分書送達發生效力之翌日起，逾10年不取回者，其提存物屬於國庫。,如何辦理取回提存物？
6,也可委託他人代理到場參與投標；委任代理人到場者，應提出委任狀，附於投標書後，一併投入法院指定之標匭。通訊投標之投標人或其代理人於開標時，得不在場。,投標人是否須親自到場？
7,我國目前的司法制度，稱為「司法二元制」，區分案件屬於公法爭議或私法爭議，分別由行政法院與普通法院審理。所以，原則上只要是公法爭議事件，就是由行政法院來審理，除非法律有特別規定某種公法爭議應由普通法院審理。,什麼案子可以到行政法院提起行政訴訟？
8,依照目前行政訴訟法的規定，如果提起「撤銷訴訟」或「課予義務訴訟」，原則上必須先經過訴願程序，才可向行政法院起訴，這就是一般所稱的「訴願前置主義」。但如果法律有規定免經訴願程序，就例外可直接提起行政訴訟，例如交通裁決事件訴訟(參照行政訴訟法第237條之3)，或對於經聽證程序後作成的行政處分，提起撤銷訴訟(參照行政程序法第109條)。如果提起「確認訴訟」或「一般給付訴訟」，則無庸先經訴願程序。,提起行政訴訟前，一定要先提訴願嗎？
9,"依照目前的法律規定，下列事件雖然是公法爭議，但是，法律特別規定不屬行政法院審理：

政黨違憲解散事件。
選舉(罷免)訴訟：選舉或罷免無效、當選無效、罷免案通過無效及罷免案否決無效之訴訟。
違反社會秩序維護法事件。
律師懲戒事件。
刑事補償事件。
國家賠償事件。但如於提起行政訴訟時，合併請求損害賠償者，則行政法院有審判權。
公務員懲戒事件。
依法官法所規定之法官、檢察官懲戒案件及法官職務案件。",哪些案件是屬於公法爭議，但法律特別規定不屬行政法院審理？
10,別擔心！收狀的法院會將案件移送到有審判權的法院。 我國的司法制度採「司法二元制」，公法事件由行政法院審判；私法事件由普通法院審判。但是，考慮到民眾不一定清楚法院間審判權以及管轄權的劃分，所以，目前法律規定「職權移送制」，也就是收狀的法院，無論是行政法院或普通法院，都要依職權將案件移送到有審判權的法院，不可以直接駁回民眾的訴訟。,公法事件卻誤向普通法院遞狀，案件會被法院駁回嗎？
11,提起行政訴訟，原告要寫起訴狀，被告要寫答辯狀；上訴、再審，則要提上訴狀及再審訴狀。為了提供您更便利的服務，司法院已建置「司法院書狀範例」，您可以在此尋找並下載所需書狀例稿。如果有進一步的訴訟問題要直接洽詢，則可前往各行政法院訴訟輔導科洽詢訴訟輔導人員。,行政訴訟的書狀怎麼寫？有沒有範例可參考？
12,"公務員懲戒制度的懲戒對象，自然指的是公務員，但刑法、公務員服務法及公務人員任用法，對於公務員的範圍均有寬窄不同的規定。公務員懲戒法並未明文規定作為懲戒對象的公務員範圍，實務見解認為應該包括：
一、政務人員。
二、法定機關任用或派用之有給專任人員。
三、公立學校校長、兼任行政職務之教師。
四、公立學術研究機構兼任行政職務之研究人員、公立社會教育機構專業人員。
五、公營事業機構經國家或其他公法人指派在該機構代表其執行職務之人員。
六、民選地方首長。七、軍職人員。",公務員懲戒法有關懲戒的對象為何？
13,"提起行政訴訟，依照不同的訴訟類型，被告也會有所不同。

撤銷訴訟或課予義務訴訟：如果起訴前已提起訴願，則被告為：
  (1)駁回訴願時的原處分機關。 
  (2)撤銷或變更原處分時：為撤銷或變更的機關。
   
確認訴訟的被告為：
  (1)確認行政處分無效：無效行政處分之原處分機關。
  (2)確認公法上法律關係成立或不成立：如果由所確認法律關係的一方提起時，以他方為被告。 
一般給付訴訟：以原告主張有義務的人為被告。",我想提起行政訴訟，但不知道應以哪個機關為被告？
14,"行政訴訟事件應由哪一個法院管轄，原則上是採「以原就被」。也就是原告起訴時，要向被告所在地的法院提起訴訟，以保護被告利益，避免原告濫訴。 所以，如果以法人、機關或其他得為訴訟當事人的團體為被告，應向其公務所、機關、主事務所或主營業所所在地的行政法院起訴(參照行政訴訟法第13條)。 但關於公務員職務關係的訴訟，得向公務員職務所在地的行政法院起訴(參照行政訴訟法第15條之1)。因公法上之保險事件涉訟者，得向原告之被保險人、受益人之住居所地或被保險人從事職業活動所在地的行政法院起訴；原告為投保單位時，得向其主事務所或主營業所所在地的行政法院起訴(參照行政訴訟法第15條之2)。對於自然人的訴訟，則應向被告住所地的法院起訴，如其住所地的法院不得行使職權，則向其居所地的法院起訴。若訴訟事實發生在被告居所地，也可向該居所地的法院起訴(參照行政訴訟法第14條)。
 小叮嚀：

要特別提醒您，如果是因為不動產徵收、徵用或撥用所生的訴訟，是專屬不動產所在地的行政法院管轄(參照行政訴訟法第15條第1項)。如果是交通裁決事件，為便利民眾提起訴訟，除向被告機關所在地之法院起訴外，亦可向原告住所地、居所地、所在地或違規行為地之地方法院行政訴訟庭提起訴訟(參照行政訴訟法第237條之2)。
此外，在行政訴訟上，並沒有雙方當事人合意定管轄法院，也沒有因被告不抗辯法院無管轄權而為言詞辯論，使該法院取得管轄權的情形。",我可不可以在我家附近的行政法院起訴？
15,"從99年5月1日起，要向行政法院遞送書狀，除了親自到法院遞狀外，您也可以用傳真或是以電子郵件的方式遞送。
小叮嚀：
要特別提醒您，如果以掛號郵寄書狀，在計算起訴或上訴等法定救濟期間時，是以該書狀實際到達法院的時間為準，不是以投郵郵戳時間為憑。
各行政法院的電子郵件信箱及傳真如下：
行政訴訟文書傳真及電子傳送作業各法院窗口資料",提起行政訴訟要親自遞狀嗎？
16,,各級行政法院的轄區為何？
17,"提起一般給付訴訟或確認訴訟，行政訴訟法並沒有規定應於何時起訴。但如果提起撤銷訴訟或課予義務訴訟，您應該要注意：

在訴願決定書送達後的2個月內提起訴訟。
免經訴願程序時，應於行政處分達到或公告後2個月內提起。
如果是訴願人以外的利害關係人起訴，2個月的起訴期間從利害關係人「知悉時」起算。但從訴願決定書送達後，已過了3年，就不得再起訴。
向行政機關提出申請，而行政機關未於法定期間作為，且是免經訴願程序事件，其起訴期間自行政機關應作為期間屆滿後起算，已過了3年，也不得提起(參照行政訴訟法第106條)",起訴有沒有時間限制？
18,行政訴訟種類眾多，法律對於何種訴訟應給哪一個法院管轄，有一定的標準，原則上是「以原就被」。也就是原告起訴時，原則上要向被告所在地的法院提起訴訟，以保護被告利益。 至於詳細的情形，可以參考「要到哪個法院打官司」的說明。,我想提起行政訴訟，但不知道該到哪個法院起訴？
19,"對於公務員違法失職行為，只在下列兩種情形，才會將公務員移送公務員懲戒委員會懲戒：
（一）對於九職等以下的公務員，各院、部、會長官，地方最高行政長官或其他相當層級的主管長官，認其有違法失職行為者，得將該公務員直接移送公務員懲戒委員會審議。
（二）無論是九職等以上或以下的公務員，監察院主動調查或受理主管長官移送審查後，認為該公務員有違法失職行為應受懲戒，應予彈劾，移送公務員懲戒委員會審議。由於公務員懲戒制度並未設置檢察官，只有前述兩種移送懲戒的方式，公務員懲戒委員會依司法不告不理的原則，並不具有主動懲戒公務員的權力。",在什麼情況下，可以將公務員移送懲戒？
20,如果要提確認行政處分無效的訴訟，必須先向原處分機關請求確認無效未被允許，或請求確認經過30日後，該機關未為確定的答覆，才可提起訴訟(參照行政訴訟法第6條)，這就是一般所稱的「行政先行程序」。,提起確認訴訟，要注意什麼？
21,現行公務員懲戒制度採一級一審制，原移送機關或受懲戒處分公務員不服公務員懲戒委員會之審議，如有再審議之事由，得依公務員懲戒法第33條規定，移請或聲請再審議，以為救濟。,公務員懲戒委員會審議懲戒案件有幾個審級？不服該會的議決，有何救濟方法？
22,依照目前行政訴訟法規定(參照行政訴訟法第3條），行政訴訟基本上可以區分為「撤銷訴訟」、「確認訴訟」及「給付訴訟」三大類。在給付訴訟部分，可以再進一步分為「課予義務訴訟」及「一般給付訴訟」(參照行政訴訟法第5條及第8條)。此外，行政訴訟法亦另有規定「維護公益訴訟」及「選舉罷免訴訟」(參照行政訴訟法第9條及第10條）。,行政訴訟的種類有哪些？
23,目前公務員有違法失職行為時，主管長官大都逕依公務人員考績法之規定為記過或申誡處分，惟依公務員懲戒法第19條第1項但書規定，對於所屬九職等或相當於九職等以下之公務員，主管長官得逕送公務員懲戒委員會審議。因此，主管長官據此規定，又將該公務員移送公務員懲戒委員會再予懲戒，如公懲會再就同一行為，依公務員懲戒法懲戒，似有一事二罰之疑義，為解決此一問題，司法院及考試院會同發布之「稽核公務員懲戒處分執行辦法」第6條規定：「同一事件經主管長官已為處分後，復移送公務員懲戒委員會審議者，其原處分失其效力。」準此規定，主管長官原先所為之記過或申誡處分既失其效力，而以公務員懲戒委員會之議決為據，自不生一事二罰之問題。,主管長官對所屬公務員記過或申誡後，公務員懲戒委員會可否再予懲戒?
24,依現行公務員懲戒法第9條第1項規定，公務員懲戒處分有：撤職、休職、降級、減俸、記過及申誡6種。,公務員懲戒法規定的懲戒種類有那些?
25,一、上訴應向原判決之地方法院行政訴訟庭或高等行政法院提出上訴狀為之。二、上訴期間：　（一）提起上訴，應在第一審判決送達後之20日內為之。　（二）上訴有無逾越上訴期間，以行政法院收受上訴狀之時間為準。三、上訴狀應表明下列事項：  　1、當事人。  　2、原行政法院判決及對該判決上訴之陳述。  　3、對於原行政法院判決不服之程度，及應如何廢棄或變更之聲明。  　4、上訴理由；並應附具關於上訴理由之必要證據。  　5、行政法院。  　6、年、月、日。四、上訴理由：　（一）對於地方法院行政訴訟庭或高等行政法院之終局判決，非以原判決違背法令為理由，不得上訴；　　　　對於高等行政法院所為簡易訴訟程序或交通裁決事件訴訟程序之第二審判決，不得上訴。　（二）所謂「判決違背法令」，是指判決不適用法規或適用不當而言。　（三）有下列情形之一者，其判決當然違背法令：　　　　1、判決法院之組織不合法。　　　　2、依法律或裁判應迴避之法官參與裁判。　　　　3、行政法院於權限之有無辨別不當或違背專屬管轄之規定。　　　　4、當事人於訴訟未經合法代理或代表。　　　　5、違背言詞辯論公開之規定。　　　　6、判決不備理由或理由矛盾。　（四）對於簡易訴訟程序及交通裁決事件之判決，提起上訴，應於上訴理由表明原判決所為違背之法令     　　　　 及其具體內容，或依訴訟資料可認為原判決有違背法令之具體事實。五、上訴狀內未表明上訴理由者，上訴人應於提起上訴後20日內提出理由書於原行政法院，未提出者，原　　行政法院會直接裁定駁回上訴。六、對高等行政法院之判決提起上訴，除法律別有規定外，應委任律師為訴訟代理人。七、上訴狀應按被上訴人（對造）人數附具上訴狀繕本。八、繳納裁判費。　　上訴，原則上按件徵收裁判費，適用通常訴訟程序者，每件徵收新臺幣六千元。適用簡易訴訟程序者　　，每件徵收新臺幣三千元。適用交通裁決事件者，每件徵收新臺幣七百五十元(參照行政訴訟法第58條　　、第98條之2、第235條、第236條、第236條之1、第236條之2、第237條之9、第238條、　　第241條、第241條之1、第242條、第243條、第244條、第245條),提起上訴，要注意什麼？
26,為了避免民眾因外出工作、旅遊或有其他事由，不能及時領取訴訟文書，影響訴訟權益，依行政訴訟法規定(參照行政訴訟法第73條)，訴訟文書從寄存在郵局或警察局起，經過10天，才發生送達效力。又因為訴願法準用行政訴訟法送達之規定，所以，提起行政訴訟或上訴，都比較有保障。,臨時不在家，沒收到法院判決，權利會不會受影響？
27,依行政訴訟法規定，訴訟費用是指裁判費及其他必要費用。在起訴或上訴時，原告或上訴人必須先預繳裁判費，但最後則是由敗訴的當事人負擔。 至於繳納裁判費的方式，您除了親臨法院繳費、使用匯票郵寄法院外，到銀行臨櫃繳款、用提款機或網路ATM轉帳，或到便利商店繳費也都可以。 小叮嚀： 您如果利用便利商店繳款，或用提款機或網路ATM轉帳繳費，要注意繳費金額實際入帳時間，是否逾越繳費期限。,誰該負擔訴訟費用？
28,對於依刑事訴訟法第449條行簡易程序所為之裁判不服而上訴或抗告者，依刑事訴訟法第455條之1第1項及第4項規定，應向管轄之第二審地方法院合議庭為之。故大雄如有不服，依智慧財產案件審理法第1條規定適用刑事訴訟法第455條之1，應上訴於管轄之第二審地方法院合議庭，並非上訴於智慧財產法院。,大雄因為寫論文涉及抄襲他人著作權，被第一審地方法院認屬於智慧財產法院組織法第3條第2款所列之智慧財產犯罪，並依簡易程序判決有罪，若大雄對該判決不服，應向何法院提起上訴或抗告？
29,請參考司法院網站智慧財產訴訟新制專區智慧財產案件審理法新制問答彙編。,智慧財產案件審理法新制問答彙編
30,依行政訴訟法規定，下列事件應適用簡易訴訟程序： 因稅捐課徵事件涉訟，所核課之稅額在新臺幣40萬元以下。 因不服行政機關所為新臺幣40萬元以下罰鍰處分而涉訟。 其他關於公法上財產關係之訴訟，其標的之金額或價額在新臺幣40萬元以下。 因不服行政機關所為告誡、警告、記點、計次或其他相類之輕微處分而涉訟。 依法律規定應適用簡易訴訟程序。,什麼案件應適用簡易訴訟程序？
31,對於通常訴訟程序事件的判決提起上訴，由最高行政法院審理。因為是法律審，必須具體指出第一審判決如何違背法令，須有專業法律素養的人才能勝任，所以，採行強制律師代理，原則上應委任律師為訴訟代理人。在稅務或專利事件，除委任律師外，經最高行政法院認為適當者，亦可委任會計師、專利師或專利代理人。但是，如果上訴人或其法定代理人具有律師資格，或為大學院校的公法學教授，因已有相當的行政法學素養，可自為訴訟行為，就無委任訴訟代理人的必要(參照行政訴訴法第241條之1)。,不服法院判決提起上訴，一定要委任訴訟代理人嗎？有無資格限制？
32,依行政訴訟法第96條及行政訴訟閱卷規則第2條規定，包括訴訟當事人、訴訟代理人、輔助參加人或其他經行政法院許可的第三人，都可聲請閱卷。,誰可以聲請閱卷？
33,高等行政法院審理通常訴訟程序事件或地方法院行政訴訟庭審理簡易訴訟程序事件，法院原則上會開庭行言詞辯論，地方法院行政訴訟庭審理交通裁決訴訟事件，得行言詞辯論，但如果卷內事證明確，則可以不用開庭。 至於最高行政法院審理時，原則上是不經言詞辯論，所以無須開庭。但如果訴訟事件的法律關係複雜或法律見解紛歧、涉及專門知識或特殊經驗法則、涉及公益或影響當事人權利義務重大，則得依職權或聲請行言詞辯論。,行政訴訟一定會開庭嗎？
34,別擔心！行政訴訟設有「訴訟救助」制度。也就是如果事件不是「顯無勝訴之望」，而您卻沒錢繳訴訟費用，可以檢附相關證明文件(例如：低收入戶證明書或國稅局出具的財產資料及所得證明等)，向受理訴訟的法院聲請訴訟救助。 小叮嚀： 要特別提醒您，訴訟救助只是暫時先不用繳訴訟費用喔！如果受救助的當事人後來經裁判敗訴而要負擔訴訟費用，仍然有繳納訴訟費用的義務。,沒錢繳裁判費就不能提行政訴訟嗎？
35,在撤銷訴訟類型之行政訴訟中，爭議對象是違法之原行政處分，故依法理而言，在訴訟中所發現之新證據，既未經經濟部智慧財產局審酌，非原行政處分之一部分，即非行政訴訟所應審理之範圍，故於97年7月1日智慧財產案件審理法施行前，發現新證據後須先據以向經濟部智慧財產局重新提起異議、廢止或舉發案，紛爭無法一次解決。為期儘速完整地解決紛爭，智慧財產案件審理法第33條規定，當事人於言詞辯論終結前，就同一撤銷或廢止理由中提出之新證據，智慧財產法院仍應予以審酌。因此，智慧財產案件審理法施行後，當事人得於行政訴訟中提出新證據，無須重新再向經濟部智慧財產局提起異議、廢止或舉發案。,在商標、專利行政訴訟中，才發現有利的新證據時，要不要重新再向經濟部智慧財產局提起異議、廢止或舉發案？
36,基於司法資源屬全民所有，以及使用者付費原則，並考量司法資源的有限性，避免濫行起訴，目前提起行政訴訟，是採少量定額徵收裁判費。小叮嚀： 要特別提醒您，依目前行政訴訟法規定，無論是起訴、上訴、抗告、再審或其他聲請，原則上，當事人都須預納裁判費，如果沒繳，審判長會定期通知當事人繳納，如果逾期未繳，是會被駁回訴訟或聲請的。行政訴訟裁判費項目及金額如下： 行政訴訟裁判費項目及金額,提起行政訴訟要繳裁判費嗎？
37,公務員懲戒委員會審議懲戒案件，依法以書面審理為原則，但為確實瞭解事實真相，使懲戒處分得以公正允當，對於案情複雜、情節重大或事實有待明瞭之案件，必要時會通知被付懲戒人及其他相關人員到場申辯（公務員懲戒法第20條第1項參照），給予被付懲戒人言詞申辯及陳述之機會；另該會於88年12月17日於「公務員懲戒委員會審議懲戒案件應行注意事項」第5點後段明定，公務員懲戒委員會於通知被付懲戒人到場申辯時，被付懲戒人亦得委任律師一人偕同到場陳述意見，以充分保障公務員之權益。,被付懲戒人依公務員懲戒法第20條規定到場申辯時，得否委任律師偕同到場陳述意見?
38,依行政訴訟法第96條及行政訴訟閱卷規則第2條規定，聲請閱卷，可以用書面、電話、傳真或以電子郵件方式為之。 以書面或傳真聲請閱卷，應填「閱卷聲請書」，送或傳送該管法院的收發室或閱卷室。也可以打電話直接向承辦書記官或閱卷室人員約定閱卷時間，或直接以電子傳送方式，向各法院辦理電子傳送作業承辦人的電子信箱提出聲請。,要用什麼方式、向誰聲請閱卷？
39,對於判決不服，應在法院判決送達後20日內，提起上訴；對於裁定不服，除了法律已規定「不得抗告」或「不得聲明不服」的情形外，應在裁定送達後10日內，提起抗告。 提起上訴要提出上訴書狀，敘明上訴理由；提起抗告則要提抗告狀，敘明抗告理由。,我對行政法院的裁判不服，要如何救濟？
40,在言詞辯論期日，如果經合法通知而一造當事人未到場時，到場的當事人可以向法院聲請一造辯論判決；而未到場的當事人，經再次通知仍然未到場，此時，行政法院也可依職權由一造辯論判決。,開言詞辯論庭時，如果沒到場，行政法院會如何處理？
41,一、簡易訴訟程序事件及交通裁決事件之第一審起訴應向管轄之地方法院行政訴訟  庭、通常訴訟程序事　　件之第一審起訴應向管轄之高等行政法院提出訴狀為之。二、起訴狀應表明下列事項：　（一）當事人：　　1.當事人為自然人者，應記載當事人姓名、性別、年齡、身分證明文件字號、職業及住所或居所。　　2.當事人為法人、機關或其他團體者，應記載其名稱及所在地、事務所或營業所。　　3.有法定代理人、代表人或管理人者，應記載其姓名、性別、年齡、身分證明文件字號、職業及住所　　　或居所，及其與法人、機關或團體之關係。　　4.有訴訟代理人者，應記載其姓名、性別、年齡、身分證明文件字號、職業及住所或居所，並請附上　　　「行政訴訟委任書」。　（二）起訴之聲明。　（三）訴訟標的及其原因事實、證據、相關法律規定。　（四）附屬文件及其件數，如經訴願程序者，應附具訴願決定書。　（五）行政法院。　（六）年、月、日。三、當事人、法定代理人、代表人、管理人或訴訟代理人應於訴狀內簽名或蓋章，如以指印代替簽名時，　　應由他人代寫姓名，記明其事由並簽名。四、訴狀內宜記載適用程序上有關事項、證據方法及其他準備言詞辯論之事項。五、起訴狀應按被告人數附具起訴狀繕本（含附屬文件）。六、起訴有無逾越法定期限，除法律別有規定外，均以行政法院收受訴狀之時間為準。七、繳納裁判費　　起訴，適用通常訴訟程序之事件，按件徵收裁判費新臺幣四千元。適用簡易訴訟程序之事件，徵收裁　　判費新臺幣二千元。交通裁決事件，按件徵收新臺幣三百元(參照行政訴訟法第57條、第58條、第59條　　、第98條、第105條、第237條之5第1項第1款),提起行政訴訟，要注意什麼？
42,在開庭期日，原則上不得聲請閱卷。但如果聲請人釋明有急迫情形，而且經審判長許可者，則例外可於開庭期日聲請。 此外，行政訴訟事件於裁判後，提起上訴或抗告前，亦可聲請閱卷。提起上訴或抗告後，如果聲請人向原審法院聲請閱卷，而卷宗仍在原審法院，原審法院應依規定准許。原審法院的書記官應該將卷宗交閱後，再送上級行政法院。如果卷宗已送交上級行政法院，原審法院會將閱卷聲請書送交上級行政法院處理。,是不是任何時間都可以閱卷？
43,為確認訴訟代理人是否經當事人合法授權，而得聲請閱卷，所以，訴訟代理人除了事先已提出委任狀於行政法院，或是經審判長選任者外，於聲請閱卷同時，應檢附委任書。,訴訟代理人聲請閱卷，要注意什麼？
44,想進一步了解行政訴訟制度，包括法令規範、研修經過、相關統計資料或是活動訊息，可以到司法院首頁-「業務綜覽」項下的「行政訴訟專區」瀏覽。,想進一步了解行政訴訟制度？有其他疑問或建議嗎？
45,聲請解釋憲法，須具備以下條件：憲法上所保障之權利，有遭受不法侵害的情形。經過法定的訴訟程序，並在用盡審級救濟途徑後，取得最終確定終局裁判。如果依法可以上訴而未上訴以致裁判確定，就是沒有用盡審級救濟途徑，也就不可以根據此種裁判提出聲請。認為確定終局裁判所適用的法律或命令，有牴觸憲法的疑義。具備以上條件，可以書面向司法院聲請解釋憲法。(參考法條：司法院大法官審理案件法第五條第一項第二款及第八條) ＊聲請人提請釋憲之確定終局裁判有再審期間者，提出聲請書時起至再審期間屆至，宜有六個月以上期間，俾有合理時間進行審理。,在何種條件下可聲請解釋憲法？
46,"(一)什麼是監護宣告？
對於精神障礙或其他心智缺陷，致不能為意思表示或受意思表示，或不能辨識其意思表示效果者，法院得依聲請人之聲請，為監護之宣告。此時該受監護宣告之人成為無行為能力人，法院除了同時選出一位監護人來擔任他（她）的法定代理人外，也會再選一位適當的人跟監護人一起開具受監護宣告人的財產明細清冊。
(二)什麼人可以提出聲請？
本人、配偶、四親等內之親屬、最近一年有同居事實之其他親屬、檢察官、直轄市、縣（市）政府或社會福利機構，向應受監護宣告之人住所地之法院提出聲請。
(三)應備文件
1.應受監護宣告之人、聲請人、擬擔任監護人、擬擔任會同開具財產清冊人的戶籍謄本各1份。
2.應受監護宣告之人的醫生診斷證明或殘障手冊影本（法院仍須調查鑑定，其費用由聲請人預納）。
(四)流程圖【連結：司法院/業務宣導/少年及家事/貳、家事事件 四、民法相關制度 8. 民法監護及輔助宣告處理流程圖】
(五)書狀範例【連結：司法院/書狀範例/壹、民事訴訟/編號96】",什麼是監護宣告
47,"(一)什麼是輔助宣告？
因精神障礙或其他心智缺陷，致其為意思表示或受意思表示，或辨識其意思表示效果之能力，顯有不足者，法院得依聲請人之聲請，為輔助之宣告，並同時選出一位輔助人來幫助受輔助宣告人處理事情，像是受輔助宣告之人為某些特定行為（如消費借貸、訴訟行為等，可詳閱民法第15條之2）。
(二)什麼人可以提出聲請？
本人、配偶、四親等內之親屬、最近一年有同居事實之其他親屬、檢察官、直轄市、縣（市）政府或社會福利機構向應受輔助宣告之人住所地之法院提出聲請。
(三)應備文件
1.應受輔助宣告之人、聲請人、擬擔任輔助人的戶籍謄本各1份。
2.應受輔助宣告之人的醫生診斷證明或殘障手冊影本（法院仍須調查鑑定，其費用由聲請人預納）。
(四)流程圖【連結：司法院/業務宣導/少年及家事/貳、家事事件 四、民法相關制度 8. 民法監護及輔助宣告處理流程圖】
(五)書狀範例【連結：司法院/書狀範例/壹、民事訴訟/編號96】",什麼是輔助宣告
48,在我國民事訴訟程序，關於法院之裁判，係採裁判有償主義，故原告起訴，應向法院預納裁判費，有關裁判費之計算及徵收，是依據民事訴訟法第77條之13至27之規定，而此項費用之預納則屬民事訴訟法第249條第1項第6款所定原告起訴必須具備之程式，如果原告於起訴時未繳裁判費，審判長會定期間通知原告補繳，若原告未於所定的期間內補繳時，法院就會以原告起訴為不合法，而以裁定駁回。不過原告所繳納之裁判費，性質上係屬預納，依照民事訴訟法第78條之規定，除法律另有規定外，原則上是由敗訴之當事人負擔。,打民事官司（起訴）是否一定要繳裁判費？
49,"(一)何謂遺產分割？
當一人死亡後，有數個繼承人時，這些繼承人依照他們的應繼分來分割繼承的財產。這些繼承人可以用立協議書方式協議分割遺產，但繼承人對於如何分割繼承的財產，意見不一致時，也可以向法院提起訴訟解決。
(二)書狀範例【連結：司法院/書狀範例/貳、少年及家事】",何謂遺產分割
50,當事人進行訴訟所必要的費用，原則上都必須預先繳納，但當事人若於無資力支出訴訟費用時，勢必無法利用法院主張其權益，因此民事訴訟法規定有訴訟救助的制度，就是法院准許無資力支出訴訟費用，但非顯無勝訴之望的當事人，於法定的範圍內，暫緩繳納訴訟費用。至於當事人是否屬於「無資力」之狀況，則是由法官斟酌當事人及其共同生活親屬的基本生活需要，在個案中去認定。不過雖然法院准予訴訟救助，但在案件判決確定或不經裁判而終結後，法院會依職權以裁定確定訴訟費用額，並向應負擔訴訟費用之當事人徵收。,没錢打民事官司怎麼辦？－關於「訴訟救助」
51,"管轄的法院：（提存法第4條） 
清償提存事件，應向民法第314條所定清償地之法院提存所為之。 
債權人在中華民國無住所或住所不明時，以其在中華民國之居所，視為住所；無居所或居所不明者，以其在中華民國最後之住所，視為住所。 
債權人在中華民國無最後住所，或不能確知孰為債權人，致難依前二項定其清償地者，由債務人住所地法院提存所辦理之。 
數人有同一債權，其給付不可分，或為公同共有債權，而債權人住所不在一法院管轄區域者，由其中一住所地法院提存所辦理之。 
強制執行法關於強制執行所得金額、破產法關於破產債權分配金額或消費者債務清理條例關於清算事件分配金額之提存，由受理強制執行、破產事件或辦理清算事件之法院提存所辦理之。 
政府機關依據法律所發給之補償費或其他公法上金錢給付，其提存由該機關所在地之法院提存所辦理之。
聲請書類及應備文件： 
提存書：
提存人須備提存書一式2份，依式逐項填明，由提存人簽名及蓋章。提存人姓名、住址應與身分證明文件所載相同。 
提存通知書：
提存書應添附提存通知書一式2份，如提存物受取權人有2人以上時，應按增加人數每人加添1份。 
國庫存款收款書或保管品聲請書：
提存物為現金者，應填具國庫存款收款書一式6聯，提存物如為有價證券者，應填具國庫保管品聲請書1份。 
提存費繳款證明，其依法免徵提存費者，毋庸提出。
繳納提存費：
清償提存費，其提存金額或價額在新臺幣（下同）1萬元以下者，繳納100元；逾1萬元至10萬元者，繳納500元；逾10萬元者，繳納1000元。但執行法院依強制執行法、管理人依破產法或消費者債務清理條例規定辦理提存者，免繳納提存費。 
提交提存書及提存物：
提存物為現金或有價證券者，提存人應將提存書連同提存物及提存費，一併提交當地國庫駐院收款處或當地代理國庫之銀行。提存物不適於國庫保管者，提存人應聲請該管法院指定保管提存物之保管機構，由提存人將提存物連同提存書提交該保管機構。提存人為此項聲請時，應同時向法院繳納提存費。並將繳費聯單黏附提存書。 
提存人提交提存物後3日內，未獲法院提存所發給提存書時，得向該管提存所查詢原因。",如何辦理清償提存？
52,"(一) 什麼是離婚？
夫妻雙方或一方有結束婚姻的意思，依法律規定的程序解除婚姻關係的行為。
(二)方式及要件：【連結：司法院/法治教育網/婦幼關懷/離婚 http://www.judicial.gov.tw/ByLaw/law_ch_protect3.jsp】
(三)書狀範例【連結：司法院/書狀範例/貳、少年及家事】",什麼是離婚
53,"(一) 什麼是親權？
父母因為要結束婚姻或者雖然沒有離婚，但已經有6個月以上沒有共同生活在一起時，如果雙方沒有辦法對於誰來行使未成年子女的親權達成共識、或者原有共識但內容不利子女、或者親權人未盡保護教養的義務，甚至對未成年子女有不利的情形時，可以請求法院以裁判方式來決定由誰來行使子女的親權。
(二)什麼人可以提出聲請？
未成年人之父母一方，直轄市、縣（市）政府，社會福利機構或其他利害關係人可以提出聲請。此時法院會斟酌未成年人的最佳利益，決定由誰來行使子女的親權。
(三)書狀範例【連結：司法院/書狀範例/貳、少年及家事】",酌定子女親權
54,代理人應具有民事訴訟法第七十條第一項但書及第二項規定之特別代理權。,代理人有何資格限制？
55,"公證範圍甚廣，只要是涉及私權的事實，都可以辦理公證或認證。依據公證法規定，下列各項法律行為，當事人或其他關係人得請求公證人作成公證書或認證書。
關於買賣、贈與、租賃、僱傭、承攬、出版、委任、合夥、經理人或代辦商、居間、行紀、寄託、倉庫、運送營業、承攬運送、和解、保證或其有關債權債務的契約行為。
關於所有權、地上權、永佃權、抵押權、質權、典權、留置權或其他有關物權的取得、設定、喪失或變更等行為。
關於訂婚、解除婚約、認領、監護或其他有關親屬的行為。但現行法規定收養須經法院認可，結婚、離婚須向戶政機關登記，均已不適再辦理公證，但就收養契約、結婚書面及離婚書面則可辦理公證。
關於訂立遺囑、撤銷遺囑，及其他處分遺產的行為。但如欲拋棄繼承，應於知悉其得繼承之時起3個月內向法院聲明，不是向公證處辦理。
關於公司、票據、海商、保險及其他涉及商事的行為。
解除、撤銷、催告、更正或補充，或其他涉及私權的法律行為。
關於下列的私權事實，也可以作為公證書或認證私權書。
關於不當得利、無因管理、侵權行為、債務履行或不履行的事實。
關於不動產相鄰關係、無主物之先占、遺失物之拾得、財產共有或占有的事實。
取得時效與消滅時效的事實。
其他涉及私權的事實。",那些事件可以辦理公證或認證？
56,"管轄的法院：
原受理提存事件的法院。 
領取之原因： 
依提存通知書。 
依執行法院執行命令。 
債權讓與。
聲請書類及應備文件： 
填寫領取提存物請求書一式2份，由聲請人簽名蓋章。 
原「提存通知書」。但提存通知書未經合法送達或以公示送達方式且未經受取權人領取者，毋庸提出。 
領取提存物之人，如應為對待給付時，應提出提存人之受領證書、裁判書、公證書或其他證明已經給付或免除其給付或已提出相當擔保之文件。聲請人領取提存物應具備其他要件時，應提出要件已具備之證明文件。 
親自領取者，應攜帶國民身分證 (經核對後留存其正背面影本各1份) 及印章。如為法人或其他團體者，並應提出法人或團體證明文件及其代表人或管理人身分證明文件。如聲請人現住址與提存通知書所載住址不符時，應提出載有遷徙情形之國民身分證或戶口名簿或戶籍謄本或其他證明文件或請原提存人更正之。 
如委任代理人領取，應提出代理人之國民身分證，附具委任書，載明有民事訴訟法第70條第1項但書及同條第2項之特別代理權。委任人在國外者，應提出3個月內經中華民國駐外使領館、代表處、辦事處或其他經外交部授權機構驗證之委任書或授權書。委任人在大陸地區者，應提出3個月內經財團法人海峽交流基金會驗證之委任書或授權書。 
聲請人委任代理人領取提存物，前項委任書並應附具委任人之國民身分證影本、印鑑證明或其他足以證明印文真正之文件。提存物之金額或價額逾100萬元者，其委任行為或委任書並應經公證人公證或認證。但提存物之其金額或價額在3萬元以下者，如證明為委任人之配偶、直系血親尊親屬或已成年之直系血親卑親屬或二親等之兄弟姊妹時，毋庸提出上開證明文件。 
由提存物受取權人之繼承人聲請領取者，應提出繼承系統表、戶籍謄本及其他足以證明其為合法繼承人之文件。
領取手續：
聲請人應攜帶國民身分證 (必要時應提正、背面影本2份附卷) 及印章 (領取聲請書上所用之同一印章)，領取前項「代存單」或「寄存證」，並在其上簽名、蓋章，持向當地代理國庫之銀行或指定保管提存物之處所具領。 
聲請領取提存物的期限：
債權人 (受取權人) 關於提存物之權利，自提存通知書送達發生效力之翌日起10年間不行使而消滅，其提存物歸屬國庫。",如何辦理領取提存物？
57,"(一)什麼是家事調解？
當您的家庭發生一些狀況而有循法律途徑解決的必要時，不論是夫妻或是親子的問題，在法院開始進行審判之前或審判進行中，只要當事人雙方願意調解，法院會請心理師、社會工作師、具備心理諮詢或心理諮商學經歷的人員或具備家事事件調解經驗的人員組成的團隊，由他們來幫助您及對方冷靜思考及面對問題，心平氣和地商量出一個合理的解決問題方案。
(二)家事調解是強制的嗎？
這可以分成兩種情形，像離婚、夫妻同居、終止收養或一定親屬間發生財產權的爭執時，一定要先經過法院調解。
至於其他家事事件，必須雙方都同意進行調解，法院才會將事件送請調解委員進行調解。
(三)如果調解不成立，雙方在調解委員面前的陳述，會被當
成法院判決的判斷基礎嗎？
調解中當事人的陳述或者讓步，不得作為裁判基礎。而且調解委員對於因為辦理調解事件而知道他人秘密或隱私的事項，負有保密的義務。
(四)如果不願意接受調解，會不會對判決結果有不利的影
響？
家事調解是由法院提供當事人以訴訟外的服務方式來解決問題。無論是否屬於強制調解事件，只要有一方不願意接受調解，事件會立刻送交法官進行審理程序，不會有任何不利的影響。
(五) 調解委員會強迫一方接受他方的要求嗎？
調解委員是以中立第三者角色，協助雙方自主地提出彼此都能接受的解決方案，不會強迫一方接受他方的要求。 
(六) 如何聲請進行家事調解？
除強制調解的事件外，法院調解團隊在收案後會寄發調解意願調查表給當事人，也可能以電話和當事人聯繫。當事人如果願意進行家事調解，可以在調查表上勾選同意欄後寄回法院或在法院所定的期日到場以書面表示同意。",什麼是家事調解
58,"公證或認證的目的都在於保障人民的私權，避免糾紛，減少訴訟的發生。現代社會複雜，人與人間的關係密切，涉及權利義務的事，每有爭執，甚至涉訟。如果能事先辦理公證，雙方權利義務分明，就可免除糾紛。公證的益處如下：
有堅強的證明力
經過公證的事件，當事人任何一方或第三人都應承認其效力，萬一將來涉訟，只要提出公證書，法院就根據它的記載作裁判，經過認證的文件，其簽名的真實性，當事人不得否認。
有強制執行力
對於以給付金錢或其他代替物或有價證券之一定數量為標的者；以給付特定之動產為標的者；租用或借用建築物或其他工作物，定有期限並應於期限屆滿時交還者；租用或借用土地，約定非供耕作或建築為目的，而於期限屆滿時應交還土地者之契約，凡是在公證書上載明應逕受強制執行，如對方不履行時，可憑公證書直接向法院聲請強制執行，當事人不必另行起訴，請律師打官司。
有案可查
公證或認證事件的卷宗，當事人如有需要，可隨時聲請閱覽或抄發繕本。",為什麼要辦公證或認證？
59,"管轄的法院：
擔保提存事件，由本案訴訟已繫屬或應繫屬之第一審法院或執行法院提存所辦理之（提存法第5條）。 
聲請書類及應備文件： 
提存書：提存人須備提存書一式2份，依式逐項填明，由提存人簽名及蓋章。提存人姓名、住址應與身分證明文件所載相同。 
國庫存款收款書或保管品聲請書：
提存物為現金者，應填具國庫存款收款書一式6聯。提存物如為有價證券者，應填具國庫保管品聲請書1份。 
提存費繳款證明。 
提存原因證明文件：
提存人應附具法院裁判書正本或影本。如以抄本或節本代替者，應由提存人簽名或蓋章證明與原本無異。
繳納提存費：
擔保提存費，每件繳納新臺幣500元。 
提交提存書及提存物：
提存物為現金或有價證券或貴重物品者，提存人應將提存書連同提存物及提存費，一併提交當地國庫駐院收款處或當地代理國庫之銀行。提存物不適於國庫保管者，提存人應聲請提存所指定保管提存物之處所，由提存人將提存物連同提存書提交該處所。 
提存人提交提存物後3日內，未獲本院提存所發給提存書時，得向該所查詢原因。",如何辦理擔保提存？
60,"聲請人依法人登記聲請書逐欄詳細填寫，由聲請人全體理事簽名或蓋章，並加蓋法人印信。 
檢附之章程及文件： 
章程應記載之事項，包括：設立法人之目的 (宗旨)；法人之名稱；組織區域；會址；任務；組織；會員入會、出會與除名；會員之權利與義務；會員代表及董事 (理事) 、監事之名額、職權、任期及選任與解任；會議 (會員或會員代表大會召集之條件、程序及其決議證明之方法)；經費及會計；章程修改之程序；訂定章程之年、月、日；其他依法令規定應載明之事項。
應附具之文件： 
Ⅰ法人之目的事業主管機關核准法人設立之文書。 
Ⅱ董事 (理事) 、監事產生及應備資格之證明文件，董事 (理事)、監事願任同意書，及主管機關准許該董事 (理事) 、監事備案之文件。 
Ⅲ會員名冊或會員代表名冊、財產目錄並其證明文件。所謂財產證明文件，指法人獲准登記成立時，即將該財產移轉為其所有之承諾書或其他文件。業已存在之非法人團體辦理法人設立登記時，前項董事 (理事) 、監事，指現任董事 (理事) 、監事而言，如有疑問，應通知聲請人提出主管機關證明文件。",如何辦理社團法人登記？
61,"(一)什麼是死亡宣告？
自然人失蹤達一定期間，得依利害關係人或檢察官之聲請，由法院以判決宣告，視為死亡。這是一種為使失蹤人失蹤前的相關私法法律關係得以終結，如遺產得以開始繼承、失蹤人之配偶得以再婚的擬制死亡制度。
(二)要件
1.失蹤人失蹤滿7年。
2.年滿80歲者，失蹤滿3年。
3.失蹤人遭遇特別災難滿1年。
(三)什麼人可以提出聲請？
利害關係人或檢察官向失蹤人住所地之法院提出聲請。
(四)應備文件
失蹤人之戶籍謄本。
(五)書狀範例【連結：司法院/書狀範例/壹、民事訴訟/編號115】",什麼是死亡宣告
62,"聲請人依法人登記聲請書逐欄詳細填寫，由聲請人全體董事、監事簽名或蓋章，並加蓋法人印信。 
檢附之文件： 
法人之目的事業主管機關許可法人籌設暨許可董事及董事會備案之文書。 
董事 、監事之產生及其資格之證明文件，董事、監事願任同意書，及主管機關准許該董事、監事備案之文件。 
捐助及組織章程。 
財產清冊。",如何辦理財團法人登記？
63,"認領是無婚姻關係所生子女（非婚生子女），由生父承認為其自己之子女，使子女取得與婚生子女相同身分，聲請手續如下：
向各地方法院公證處服務台購買公證請求書1份，包括新臺幣（下同）2元。
請求書的填寫方式：
依認領人（被認領人之生父）、被認領人及其法定代理人（被認領人之生母）之次序，將姓名、性別、出生地、出生年月日、職業、身分證明文件及其字號、住居所等，填入請求人欄中。
「請求公證之法律行為或私權事實」欄內填寫「當事人間因認領子女，請求公證。」
其餘各欄無須填寫，最後由請求人簽名蓋章，並寫明年月日。
請求書寫好後，交公證處服務台收件，分由公證人辦理。
認領人及被認領人之生母須攜帶國民身分證和印章，親自到場，另須帶被認領人與生母之戶籍謄本1份，子女尚未報戶口者，帶出生證明書1份。被認領人年滿7歲者，亦應親自到場。
公證處有印好的認領書，當事人無須自備。
公證費用1,000元。
此類事件在辦公時間內隨到隨辦，除出生證明書視情形需加以查對外，均可即時作成公證書，交付與請求人。",如何辦理認領子女公證
